"Date","Source","Site ID","POC","Daily Mean PM2.5 Concentration","Units","Daily AQI Value","Local Site Name","Daily Obs Count","Percent Complete","AQS Parameter Code","AQS Parameter Description","Method Code","Method Description","CBSA Code","CBSA Name","State FIPS Code","State","County FIPS Code","County","Site Latitude","Site Longitude"
"01/04/2021","AQS","250130018","1","10.5","ug/m3 LC","54","","1","100.0000","88101","PM2.5 - Local Conditions","145","R & P Model 2025 PM-2.5 Sequential Air Sampler w/VSCC","44140","Springfield, MA","25","Massachusetts","013","Hampden","42.1202291946886","-72.5845032277788"
"01/10/2021","AQS","250130018","1","6.8","ug/m3 LC","38","","1","100.0000","88101","PM2.5 - Local Conditions","145","R & P Model 2025 PM-2.5 Sequential Air Sampler w/VSCC","44140","Springfield, MA","25","Massachusetts","013","Hampden","42.1202291946886","-72.5845032277788"
"01/16/2021","AQS","250130018","1","8.7","ug/m3 LC","48","","1","100.0000","88101","PM2.5 - Local Conditions","145","R & P Model 2025 PM-2.5 Sequential Air Sampler w/VSCC","44140","Springfield, MA","25","Massachusetts","013","Hampden","42.1202291946886","-72.5845032277788"
"01/28/2021","AQS","250130018","1","4.7","ug/m3 LC","26","","1","100.0000","88101","PM2.5 - Local Conditions","145","R & P Model 2025 PM-2.5 Sequential Air Sampler w/VSCC","44140","Springfield, MA","25","Massachusetts","013","Hampden","42.1202291946886","-72.5845032277788"
"02/09/2021","AQS","250130018","1","20.6","ug/m3 LC","72","","1","100.0000","88101","PM2.5 - Local Conditions","145","R & P Model 2025 PM-2.5 Sequential Air Sampler w/VSCC","44140","Springfield, MA","25","Massachusetts","013","Hampden","42.1202291946886","-72.5845032277788"
"02/15/2021","AQS","250130018","1","11","ug/m3 LC","55","","1","100.0000","88101","PM2.5 - Local Conditions","145","R & P Model 2025 PM-2.5 Sequential Air Sampler w/VSCC","44140","Springfield, MA","25","Massachusetts","013","Hampden","42.1202291946886","-72.5845032277788"
"02/21/2021","AQS","250130018","1","4.8","ug/m3 LC","27","","1","100.0000","88101","PM2.5 - Local Conditions","145","R & P Model 2025 PM-2.5 Sequential Air Sampler w/VSCC","44140","Springfield, MA","25","Massachusetts","013","Hampden","42.1202291946886","-72.5845032277788"
"02/27/2021","AQS","250130018","1","7.9","ug/m3 LC","44","","1","100.0000","88101","PM2.5 - Local Conditions","145","R & P Model 2025 PM-2.5 Sequential Air Sampler w/VSCC","44140","Springfield, MA","25","Massachusetts","013","Hampden","42.1202291946886","-72.5845032277788"
"03/05/2021","AQS","250130018","1","5.4","ug/m3 LC","30","","1","100.0000","88101","PM2.5 - Local Conditions","145","R & P Model 2025 PM-2.5 Sequential Air Sampler w/VSCC","44140","Springfield, MA","25","Massachusetts","013","Hampden","42.1202291946886","-72.5845032277788"
"03/23/2021","AQS","250130018","1","6.9","ug/m3 LC","38","","1","100.0000","88101","PM2.5 - Local Conditions","145","R & P Model 2025 PM-2.5 Sequential Air Sampler w/VSCC","44140","Springfield, MA","25","Massachusetts","013","Hampden","42.1202291946886","-72.5845032277788"
"04/04/2021","AQS","250130018","1","10.7","ug/m3 LC","54","","1","100.0000","88101","PM2.5 - Local Conditions","145","R & P Model 2025 PM-2.5 Sequential Air Sampler w/VSCC","44140","Springfield, MA","25","Massachusetts","013","Hampden","42.1202291946886","-72.5845032277788"
"04/10/2021","AQS","250130018","1","6.5","ug/m3 LC","36","","1","100.0000","88101","PM2.5 - Local Conditions","145","R & P Model 2025 PM-2.5 Sequential Air Sampler w/VSCC","44140","Springfield, MA","25","Massachusetts","013","Hampden","42.1202291946886","-72.5845032277788"
"05/04/2021","AQS","250130018","1","6.2","ug/m3 LC","34","","1","100.0000","88101","PM2.5 - Local Conditions","145","R & P Model 2025 PM-2.5 Sequential Air Sampler w/VSCC","44140","Springfield, MA","25","Massachusetts","013","Hampden","42.1202291946886","-72.5845032277788"
"05/10/2021","AQS","250130018","1","7.1","ug/m3 LC","39","","1","100.0000","88101","PM2.5 - Local Conditions","145","R & P Model 2025 PM-2.5 Sequential Air Sampler w/VSCC","44140","Springfield, MA","25","Massachusetts","013","Hampden","42.1202291946886","-72.5845032277788"
"05/16/2021","AQS","250130018","1","11.4","ug/m3 LC","55","","1","100.0000","88101","PM2.5 - Local Conditions","145","R & P Model 2025 PM-2.5 Sequential Air Sampler w/VSCC","44140","Springfield, MA","25","Massachusetts","013","Hampden","42.1202291946886","-72.5845032277788"
"05/22/2021","AQS","250130018","1","10.7","ug/m3 LC","54","","1","100.0000","88101","PM2.5 - Local Conditions","145","R & P Model 2025 PM-2.5 Sequential Air Sampler w/VSCC","44140","Springfield, MA","25","Massachusetts","013","Hampden","42.1202291946886","-72.5845032277788"
"05/28/2021","AQS","250130018","1","5.1","ug/m3 LC","28","","1","100.0000","88101","PM2.5 - Local Conditions","145","R & P Model 2025 PM-2.5 Sequential Air Sampler w/VSCC","44140","Springfield, MA","25","Massachusetts","013","Hampden","42.1202291946886","-72.5845032277788"
"06/03/2021","AQS","250130018","1","9","ug/m3 LC","50","","1","100.0000","88101","PM2.5 - Local Conditions","145","R & P Model 2025 PM-2.5 Sequential Air Sampler w/VSCC","44140","Springfield, MA","25","Massachusetts","013","Hampden","42.1202291946886","-72.5845032277788"
"06/09/2021","AQS","250130018","1","11.1","ug/m3 LC","55","","1","100.0000","88101","PM2.5 - Local Conditions","145","R & P Model 2025 PM-2.5 Sequential Air Sampler w/VSCC","44140","Springfield, MA","25","Massachusetts","013","Hampden","42.1202291946886","-72.5845032277788"
"06/15/2021","AQS","250130018","1","7.7","ug/m3 LC","43","","1","100.0000","88101","PM2.5 - Local Conditions","145","R & P Model 2025 PM-2.5 Sequential Air Sampler w/VSCC","44140","Springfield, MA","25","Massachusetts","013","Hampden","42.1202291946886","-72.5845032277788"
"06/21/2021","AQS","250130018","1","17","ug/m3 LC","66","","1","100.0000","88101","PM2.5 - Local Conditions","145","R & P Model 2025 PM-2.5 Sequential Air Sampler w/VSCC","44140","Springfield, MA","25","Massachusetts","013","Hampden","42.1202291946886","-72.5845032277788"
"07/03/2021","AQS","250130018","1","4.7","ug/m3 LC","26","","1","100.0000","88101","PM2.5 - Local Conditions","145","R & P Model 2025 PM-2.5 Sequential Air Sampler w/VSCC","44140","Springfield, MA","25","Massachusetts","013","Hampden","42.1202291946886","-72.5845032277788"
"07/09/2021","AQS","250130018","1","5.3","ug/m3 LC","29","","1","100.0000","88101","PM2.5 - Local Conditions","145","R & P Model 2025 PM-2.5 Sequential Air Sampler w/VSCC","44140","Springfield, MA","25","Massachusetts","013","Hampden","42.1202291946886","-72.5845032277788"
"07/15/2021","AQS","250130018","1","10.8","ug/m3 LC","54","","1","100.0000","88101","PM2.5 - Local Conditions","145","R & P Model 2025 PM-2.5 Sequential Air Sampler w/VSCC","44140","Springfield, MA","25","Massachusetts","013","Hampden","42.1202291946886","-72.5845032277788"
"07/21/2021","AQS","250130018","1","13.7","ug/m3 LC","60","","1","100.0000","88101","PM2.5 - Local Conditions","145","R & P Model 2025 PM-2.5 Sequential Air Sampler w/VSCC","44140","Springfield, MA","25","Massachusetts","013","Hampden","42.1202291946886","-72.5845032277788"
"08/02/2021","AQS","250130018","1","12.3","ug/m3 LC","57","","1","100.0000","88101","PM2.5 - Local Conditions","145","R & P Model 2025 PM-2.5 Sequential Air Sampler w/VSCC","44140","Springfield, MA","25","Massachusetts","013","Hampden","42.1202291946886","-72.5845032277788"
"08/14/2021","AQS","250130018","1","12.5","ug/m3 LC","57","","1","100.0000","88101","PM2.5 - Local Conditions","145","R & P Model 2025 PM-2.5 Sequential Air Sampler w/VSCC","44140","Springfield, MA","25","Massachusetts","013","Hampden","42.1202291946886","-72.5845032277788"
"08/20/2021","AQS","250130018","1","7.7","ug/m3 LC","43","","1","100.0000","88101","PM2.5 - Local Conditions","145","R & P Model 2025 PM-2.5 Sequential Air Sampler w/VSCC","44140","Springfield, MA","25","Massachusetts","013","Hampden","42.1202291946886","-72.5845032277788"
"08/26/2021","AQS","250130018","1","18.5","ug/m3 LC","69","","1","100.0000","88101","PM2.5 - Local Conditions","145","R & P Model 2025 PM-2.5 Sequential Air Sampler w/VSCC","44140","Springfield, MA","25","Massachusetts","013","Hampden","42.1202291946886","-72.5845032277788"
"09/01/2021","AQS","250130018","1","10.2","ug/m3 LC","53","","1","100.0000","88101","PM2.5 - Local Conditions","145","R & P Model 2025 PM-2.5 Sequential Air Sampler w/VSCC","44140","Springfield, MA","25","Massachusetts","013","Hampden","42.1202291946886","-72.5845032277788"
"09/07/2021","AQS","250130018","1","6.8","ug/m3 LC","38","","1","100.0000","88101","PM2.5 - Local Conditions","145","R & P Model 2025 PM-2.5 Sequential Air Sampler w/VSCC","44140","Springfield, MA","25","Massachusetts","013","Hampden","42.1202291946886","-72.5845032277788"
"09/13/2021","AQS","250130018","1","9.5","ug/m3 LC","52","","1","100.0000","88101","PM2.5 - Local Conditions","145","R & P Model 2025 PM-2.5 Sequential Air Sampler w/VSCC","44140","Springfield, MA","25","Massachusetts","013","Hampden","42.1202291946886","-72.5845032277788"
"09/25/2021","AQS","250130018","1","12.6","ug/m3 LC","58","","1","100.0000","88101","PM2.5 - Local Conditions","145","R & P Model 2025 PM-2.5 Sequential Air Sampler w/VSCC","44140","Springfield, MA","25","Massachusetts","013","Hampden","42.1202291946886","-72.5845032277788"
"10/01/2021","AQS","250130018","1","10.5","ug/m3 LC","54","","1","100.0000","88101","PM2.5 - Local Conditions","145","R & P Model 2025 PM-2.5 Sequential Air Sampler w/VSCC","44140","Springfield, MA","25","Massachusetts","013","Hampden","42.1202291946886","-72.5845032277788"
"10/07/2021","AQS","250130018","1","9.6","ug/m3 LC","52","","1","100.0000","88101","PM2.5 - Local Conditions","145","R & P Model 2025 PM-2.5 Sequential Air Sampler w/VSCC","44140","Springfield, MA","25","Massachusetts","013","Hampden","42.1202291946886","-72.5845032277788"
"10/13/2021","AQS","250130018","1","12.6","ug/m3 LC","58","","1","100.0000","88101","PM2.5 - Local Conditions","145","R & P Model 2025 PM-2.5 Sequential Air Sampler w/VSCC","44140","Springfield, MA","25","Massachusetts","013","Hampden","42.1202291946886","-72.5845032277788"
"10/19/2021","AQS","250130018","1","9.1","ug/m3 LC","51","","1","100.0000","88101","PM2.5 - Local Conditions","145","R & P Model 2025 PM-2.5 Sequential Air Sampler w/VSCC","44140","Springfield, MA","25","Massachusetts","013","Hampden","42.1202291946886","-72.5845032277788"
"10/25/2021","AQS","250130018","1","5.9","ug/m3 LC","33","","1","100.0000","88101","PM2.5 - Local Conditions","145","R & P Model 2025 PM-2.5 Sequential Air Sampler w/VSCC","44140","Springfield, MA","25","Massachusetts","013","Hampden","42.1202291946886","-72.5845032277788"
"10/31/2021","AQS","250130018","1","6.2","ug/m3 LC","34","","1","100.0000","88101","PM2.5 - Local Conditions","145","R & P Model 2025 PM-2.5 Sequential Air Sampler w/VSCC","44140","Springfield, MA","25","Massachusetts","013","Hampden","42.1202291946886","-72.5845032277788"
"11/06/2021","AQS","250130018","1","16","ug/m3 LC","64","","1","100.0000","88101","PM2.5 - Local Conditions","145","R & P Model 2025 PM-2.5 Sequential Air Sampler w/VSCC","44140","Springfield, MA","25","Massachusetts","013","Hampden","42.1202291946886","-72.5845032277788"
"11/12/2021","AQS","250130018","1","6.1","ug/m3 LC","34","","1","100.0000","88101","PM2.5 - Local Conditions","145","R & P Model 2025 PM-2.5 Sequential Air Sampler w/VSCC","44140","Springfield, MA","25","Massachusetts","013","Hampden","42.1202291946886","-72.5845032277788"
"11/18/2021","AQS","250130018","1","9.5","ug/m3 LC","52","","1","100.0000","88101","PM2.5 - Local Conditions","145","R & P Model 2025 PM-2.5 Sequential Air Sampler w/VSCC","44140","Springfield, MA","25","Massachusetts","013","Hampden","42.1202291946886","-72.5845032277788"
"11/24/2021","AQS","250130018","1","3","ug/m3 LC","17","","1","100.0000","88101","PM2.5 - Local Conditions","145","R & P Model 2025 PM-2.5 Sequential Air Sampler w/VSCC","44140","Springfield, MA","25","Massachusetts","013","Hampden","42.1202291946886","-72.5845032277788"
"11/30/2021","AQS","250130018","1","9.8","ug/m3 LC","52","","1","100.0000","88101","PM2.5 - Local Conditions","145","R & P Model 2025 PM-2.5 Sequential Air Sampler w/VSCC","44140","Springfield, MA","25","Massachusetts","013","Hampden","42.1202291946886","-72.5845032277788"
"12/06/2021","AQS","250130018","1","12","ug/m3 LC","56","","1","100.0000","88101","PM2.5 - Local Conditions","145","R & P Model 2025 PM-2.5 Sequential Air Sampler w/VSCC","44140","Springfield, MA","25","Massachusetts","013","Hampden","42.1202291946886","-72.5845032277788"
"12/12/2021","AQS","250130018","1","3.9","ug/m3 LC","22","","1","100.0000","88101","PM2.5 - Local Conditions","145","R & P Model 2025 PM-2.5 Sequential Air Sampler w/VSCC","44140","Springfield, MA","25","Massachusetts","013","Hampden","42.1202291946886","-72.5845032277788"
"12/18/2021","AQS","250130018","1","9.8","ug/m3 LC","52","","1","100.0000","88101","PM2.5 - Local Conditions","145","R & P Model 2025 PM-2.5 Sequential Air Sampler w/VSCC","44140","Springfield, MA","25","Massachusetts","013","Hampden","42.1202291946886","-72.5845032277788"
"12/30/2021","AQS","250130018","1","12.5","ug/m3 LC","57","","1","100.0000","88101","PM2.5 - Local Conditions","145","R & P Model 2025 PM-2.5 Sequential Air Sampler w/VSCC","44140","Springfield, MA","25","Massachusetts","013","Hampden","42.1202291946886","-72.5845032277788"
"01/01/2021","AQS","250130018","3","8.9","ug/m3 LC","49","","1","100.0000","88101","PM2.5 - Local Conditions","170","Met One BAM-1020 Mass Monitor w/VSCC","44140","Springfield, MA","25","Massachusetts","013","Hampden","42.1202291946886","-72.5845032277788"
"01/02/2021","AQS","250130018","3","5.2","ug/m3 LC","29","","1","100.0000","88101","PM2.5 - Local Conditions","170","Met One BAM-1020 Mass Monitor w/VSCC","44140","Springfield, MA","25","Massachusetts","013","Hampden","42.1202291946886","-72.5845032277788"
"01/03/2021","AQS","250130018","3","7.6","ug/m3 LC","42","","1","100.0000","88101","PM2.5 - Local Conditions","170","Met One BAM-1020 Mass Monitor w/VSCC","44140","Springfield, MA","25","Massachusetts","013","Hampden","42.1202291946886","-72.5845032277788"
"01/04/2021","AQS","250130018","3","10.5","ug/m3 LC","54","","1","100.0000","88101","PM2.5 - Local Conditions","170","Met One BAM-1020 Mass Monitor w/VSCC","44140","Springfield, MA","25","Massachusetts","013","Hampden","42.1202291946886","-72.5845032277788"
"01/05/2021","AQS","250130018","3","9.2","ug/m3 LC","51","","1","100.0000","88101","PM2.5 - Local Conditions","170","Met One BAM-1020 Mass Monitor w/VSCC","44140","Springfield, MA","25","Massachusetts","013","Hampden","42.1202291946886","-72.5845032277788"
"01/06/2021","AQS","250130018","3","5.9","ug/m3 LC","33","","1","100.0000","88101","PM2.5 - Local Conditions","170","Met One BAM-1020 Mass Monitor w/VSCC","44140","Springfield, MA","25","Massachusetts","013","Hampden","42.1202291946886","-72.5845032277788"
"01/07/2021","AQS","250130018","3","4.6","ug/m3 LC","26","","1","100.0000","88101","PM2.5 - Local Conditions","170","Met One BAM-1020 Mass Monitor w/VSCC","44140","Springfield, MA","25","Massachusetts","013","Hampden","42.1202291946886","-72.5845032277788"
"01/08/2021","AQS","250130018","3","6.9","ug/m3 LC","38","","1","100.0000","88101","PM2.5 - Local Conditions","170","Met One BAM-1020 Mass Monitor w/VSCC","44140","Springfield, MA","25","Massachusetts","013","Hampden","42.1202291946886","-72.5845032277788"
"01/09/2021","AQS","250130018","3","4.3","ug/m3 LC","24","","1","100.0000","88101","PM2.5 - Local Conditions","170","Met One BAM-1020 Mass Monitor w/VSCC","44140","Springfield, MA","25","Massachusetts","013","Hampden","42.1202291946886","-72.5845032277788"
"01/10/2021","AQS","250130018","3","7.1","ug/m3 LC","39","","1","100.0000","88101","PM2.5 - Local Conditions","170","Met One BAM-1020 Mass Monitor w/VSCC","44140","Springfield, MA","25","Massachusetts","013","Hampden","42.1202291946886","-72.5845032277788"
"01/11/2021","AQS","250130018","3","20.2","ug/m3 LC","72","","1","100.0000","88101","PM2.5 - Local Conditions","170","Met One BAM-1020 Mass Monitor w/VSCC","44140","Springfield, MA","25","Massachusetts","013","Hampden","42.1202291946886","-72.5845032277788"
"01/12/2021","AQS","250130018","3","19.6","ug/m3 LC","71","","1","100.0000","88101","PM2.5 - Local Conditions","170","Met One BAM-1020 Mass Monitor w/VSCC","44140","Springfield, MA","25","Massachusetts","013","Hampden","42.1202291946886","-72.5845032277788"
"01/13/2021","AQS","250130018","3","15.3","ug/m3 LC","63","","1","100.0000","88101","PM2.5 - Local Conditions","170","Met One BAM-1020 Mass Monitor w/VSCC","44140","Springfield, MA","25","Massachusetts","013","Hampden","42.1202291946886","-72.5845032277788"
"01/14/2021","AQS","250130018","3","29.8","ug/m3 LC","90","","1","100.0000","88101","PM2.5 - Local Conditions","170","Met One BAM-1020 Mass Monitor w/VSCC","44140","Springfield, MA","25","Massachusetts","013","Hampden","42.1202291946886","-72.5845032277788"
"01/20/2021","AQS","250130018","3","9.3","ug/m3 LC","51","","1","100.0000","88101","PM2.5 - Local Conditions","170","Met One BAM-1020 Mass Monitor w/VSCC","44140","Springfield, MA","25","Massachusetts","013","Hampden","42.1202291946886","-72.5845032277788"
"01/21/2021","AQS","250130018","3","9","ug/m3 LC","50","","1","100.0000","88101","PM2.5 - Local Conditions","170","Met One BAM-1020 Mass Monitor w/VSCC","44140","Springfield, MA","25","Massachusetts","013","Hampden","42.1202291946886","-72.5845032277788"
"01/22/2021","AQS","250130018","3","13.7","ug/m3 LC","60","","1","100.0000","88101","PM2.5 - Local Conditions","170","Met One BAM-1020 Mass Monitor w/VSCC","44140","Springfield, MA","25","Massachusetts","013","Hampden","42.1202291946886","-72.5845032277788"
"01/23/2021","AQS","250130018","3","6.6","ug/m3 LC","37","","1","100.0000","88101","PM2.5 - Local Conditions","170","Met One BAM-1020 Mass Monitor w/VSCC","44140","Springfield, MA","25","Massachusetts","013","Hampden","42.1202291946886","-72.5845032277788"
"01/24/2021","AQS","250130018","3","5.7","ug/m3 LC","32","","1","100.0000","88101","PM2.5 - Local Conditions","170","Met One BAM-1020 Mass Monitor w/VSCC","44140","Springfield, MA","25","Massachusetts","013","Hampden","42.1202291946886","-72.5845032277788"
"01/25/2021","AQS","250130018","3","7.1","ug/m3 LC","39","","1","100.0000","88101","PM2.5 - Local Conditions","170","Met One BAM-1020 Mass Monitor w/VSCC","44140","Springfield, MA","25","Massachusetts","013","Hampden","42.1202291946886","-72.5845032277788"
"01/26/2021","AQS","250130018","3","11.3","ug/m3 LC","55","","1","100.0000","88101","PM2.5 - Local Conditions","170","Met One BAM-1020 Mass Monitor w/VSCC","44140","Springfield, MA","25","Massachusetts","013","Hampden","42.1202291946886","-72.5845032277788"
"01/27/2021","AQS","250130018","3","11.3","ug/m3 LC","55","","1","100.0000","88101","PM2.5 - Local Conditions","170","Met One BAM-1020 Mass Monitor w/VSCC","44140","Springfield, MA","25","Massachusetts","013","Hampden","42.1202291946886","-72.5845032277788"
"01/28/2021","AQS","250130018","3","8.3","ug/m3 LC","46","","1","100.0000","88101","PM2.5 - Local Conditions","170","Met One BAM-1020 Mass Monitor w/VSCC","44140","Springfield, MA","25","Massachusetts","013","Hampden","42.1202291946886","-72.5845032277788"
"01/29/2021","AQS","250130018","3","6.6","ug/m3 LC","37","","1","100.0000","88101","PM2.5 - Local Conditions","170","Met One BAM-1020 Mass Monitor w/VSCC","44140","Springfield, MA","25","Massachusetts","013","Hampden","42.1202291946886","-72.5845032277788"
"01/30/2021","AQS","250130018","3","7.2","ug/m3 LC","40","","1","100.0000","88101","PM2.5 - Local Conditions","170","Met One BAM-1020 Mass Monitor w/VSCC","44140","Springfield, MA","25","Massachusetts","013","Hampden","42.1202291946886","-72.5845032277788"
"01/31/2021","AQS","250130018","3","12.4","ug/m3 LC","57","","1","100.0000","88101","PM2.5 - Local Conditions","170","Met One BAM-1020 Mass Monitor w/VSCC","44140","Springfield, MA","25","Massachusetts","013","Hampden","42.1202291946886","-72.5845032277788"
"02/01/2021","AQS","250130018","3","12.3","ug/m3 LC","57","","1","100.0000","88101","PM2.5 - Local Conditions","170","Met One BAM-1020 Mass Monitor w/VSCC","44140","Springfield, MA","25","Massachusetts","013","Hampden","42.1202291946886","-72.5845032277788"
"02/02/2021","AQS","250130018","3","6","ug/m3 LC","33","","1","100.0000","88101","PM2.5 - Local Conditions","170","Met One BAM-1020 Mass Monitor w/VSCC","44140","Springfield, MA","25","Massachusetts","013","Hampden","42.1202291946886","-72.5845032277788"
"02/03/2021","AQS","250130018","3","6.7","ug/m3 LC","37","","1","100.0000","88101","PM2.5 - Local Conditions","170","Met One BAM-1020 Mass Monitor w/VSCC","44140","Springfield, MA","25","Massachusetts","013","Hampden","42.1202291946886","-72.5845032277788"
"02/04/2021","AQS","250130018","3","6.9","ug/m3 LC","38","","1","100.0000","88101","PM2.5 - Local Conditions","170","Met One BAM-1020 Mass Monitor w/VSCC","44140","Springfield, MA","25","Massachusetts","013","Hampden","42.1202291946886","-72.5845032277788"
"02/05/2021","AQS","250130018","3","19.4","ug/m3 LC","70","","1","100.0000","88101","PM2.5 - Local Conditions","170","Met One BAM-1020 Mass Monitor w/VSCC","44140","Springfield, MA","25","Massachusetts","013","Hampden","42.1202291946886","-72.5845032277788"
"02/06/2021","AQS","250130018","3","9.5","ug/m3 LC","52","","1","100.0000","88101","PM2.5 - Local Conditions","170","Met One BAM-1020 Mass Monitor w/VSCC","44140","Springfield, MA","25","Massachusetts","013","Hampden","42.1202291946886","-72.5845032277788"
"02/07/2021","AQS","250130018","3","12.3","ug/m3 LC","57","","1","100.0000","88101","PM2.5 - Local Conditions","170","Met One BAM-1020 Mass Monitor w/VSCC","44140","Springfield, MA","25","Massachusetts","013","Hampden","42.1202291946886","-72.5845032277788"
"02/08/2021","AQS","250130018","3","10","ug/m3 LC","53","","1","100.0000","88101","PM2.5 - Local Conditions","170","Met One BAM-1020 Mass Monitor w/VSCC","44140","Springfield, MA","25","Massachusetts","013","Hampden","42.1202291946886","-72.5845032277788"
"02/09/2021","AQS","250130018","3","19.7","ug/m3 LC","71","","1","100.0000","88101","PM2.5 - Local Conditions","170","Met One BAM-1020 Mass Monitor w/VSCC","44140","Springfield, MA","25","Massachusetts","013","Hampden","42.1202291946886","-72.5845032277788"
"02/10/2021","AQS","250130018","3","18","ug/m3 LC","68","","1","100.0000","88101","PM2.5 - Local Conditions","170","Met One BAM-1020 Mass Monitor w/VSCC","44140","Springfield, MA","25","Massachusetts","013","Hampden","42.1202291946886","-72.5845032277788"
"02/11/2021","AQS","250130018","3","11.7","ug/m3 LC","56","","1","100.0000","88101","PM2.5 - Local Conditions","170","Met One BAM-1020 Mass Monitor w/VSCC","44140","Springfield, MA","25","Massachusetts","013","Hampden","42.1202291946886","-72.5845032277788"
"02/12/2021","AQS","250130018","3","9","ug/m3 LC","50","","1","100.0000","88101","PM2.5 - Local Conditions","170","Met One BAM-1020 Mass Monitor w/VSCC","44140","Springfield, MA","25","Massachusetts","013","Hampden","42.1202291946886","-72.5845032277788"
"02/13/2021","AQS","250130018","3","10.3","ug/m3 LC","53","","1","100.0000","88101","PM2.5 - Local Conditions","170","Met One BAM-1020 Mass Monitor w/VSCC","44140","Springfield, MA","25","Massachusetts","013","Hampden","42.1202291946886","-72.5845032277788"
"02/14/2021","AQS","250130018","3","12.4","ug/m3 LC","57","","1","100.0000","88101","PM2.5 - Local Conditions","170","Met One BAM-1020 Mass Monitor w/VSCC","44140","Springfield, MA","25","Massachusetts","013","Hampden","42.1202291946886","-72.5845032277788"
"02/15/2021","AQS","250130018","3","12.5","ug/m3 LC","57","","1","100.0000","88101","PM2.5 - Local Conditions","170","Met One BAM-1020 Mass Monitor w/VSCC","44140","Springfield, MA","25","Massachusetts","013","Hampden","42.1202291946886","-72.5845032277788"
"02/16/2021","AQS","250130018","3","8","ug/m3 LC","44","","1","100.0000","88101","PM2.5 - Local Conditions","170","Met One BAM-1020 Mass Monitor w/VSCC","44140","Springfield, MA","25","Massachusetts","013","Hampden","42.1202291946886","-72.5845032277788"
"02/17/2021","AQS","250130018","3","8.2","ug/m3 LC","46","","1","100.0000","88101","PM2.5 - Local Conditions","170","Met One BAM-1020 Mass Monitor w/VSCC","44140","Springfield, MA","25","Massachusetts","013","Hampden","42.1202291946886","-72.5845032277788"
"02/18/2021","AQS","250130018","3","8.9","ug/m3 LC","49","","1","100.0000","88101","PM2.5 - Local Conditions","170","Met One BAM-1020 Mass Monitor w/VSCC","44140","Springfield, MA","25","Massachusetts","013","Hampden","42.1202291946886","-72.5845032277788"
"02/19/2021","AQS","250130018","3","8.9","ug/m3 LC","49","","1","100.0000","88101","PM2.5 - Local Conditions","170","Met One BAM-1020 Mass Monitor w/VSCC","44140","Springfield, MA","25","Massachusetts","013","Hampden","42.1202291946886","-72.5845032277788"
"02/20/2021","AQS","250130018","3","7.5","ug/m3 LC","42","","1","100.0000","88101","PM2.5 - Local Conditions","170","Met One BAM-1020 Mass Monitor w/VSCC","44140","Springfield, MA","25","Massachusetts","013","Hampden","42.1202291946886","-72.5845032277788"
"02/21/2021","AQS","250130018","3","8","ug/m3 LC","44","","1","100.0000","88101","PM2.5 - Local Conditions","170","Met One BAM-1020 Mass Monitor w/VSCC","44140","Springfield, MA","25","Massachusetts","013","Hampden","42.1202291946886","-72.5845032277788"
"02/22/2021","AQS","250130018","3","14.6","ug/m3 LC","61","","1","100.0000","88101","PM2.5 - Local Conditions","170","Met One BAM-1020 Mass Monitor w/VSCC","44140","Springfield, MA","25","Massachusetts","013","Hampden","42.1202291946886","-72.5845032277788"
"02/23/2021","AQS","250130018","3","9.8","ug/m3 LC","52","","1","100.0000","88101","PM2.5 - Local Conditions","170","Met One BAM-1020 Mass Monitor w/VSCC","44140","Springfield, MA","25","Massachusetts","013","Hampden","42.1202291946886","-72.5845032277788"
"02/24/2021","AQS","250130018","3","7.5","ug/m3 LC","42","","1","100.0000","88101","PM2.5 - Local Conditions","170","Met One BAM-1020 Mass Monitor w/VSCC","44140","Springfield, MA","25","Massachusetts","013","Hampden","42.1202291946886","-72.5845032277788"
"02/25/2021","AQS","250130018","3","6.2","ug/m3 LC","34","","1","100.0000","88101","PM2.5 - Local Conditions","170","Met One BAM-1020 Mass Monitor w/VSCC","44140","Springfield, MA","25","Massachusetts","013","Hampden","42.1202291946886","-72.5845032277788"
"02/26/2021","AQS","250130018","3","8.6","ug/m3 LC","48","","1","100.0000","88101","PM2.5 - Local Conditions","170","Met One BAM-1020 Mass Monitor w/VSCC","44140","Springfield, MA","25","Massachusetts","013","Hampden","42.1202291946886","-72.5845032277788"
"02/27/2021","AQS","250130018","3","11.5","ug/m3 LC","55","","1","100.0000","88101","PM2.5 - Local Conditions","170","Met One BAM-1020 Mass Monitor w/VSCC","44140","Springfield, MA","25","Massachusetts","013","Hampden","42.1202291946886","-72.5845032277788"
"02/28/2021","AQS","250130018","3","11.3","ug/m3 LC","55","","1","100.0000","88101","PM2.5 - Local Conditions","170","Met One BAM-1020 Mass Monitor w/VSCC","44140","Springfield, MA","25","Massachusetts","013","Hampden","42.1202291946886","-72.5845032277788"
"03/01/2021","AQS","250130018","3","7.3","ug/m3 LC","41","","1","100.0000","88101","PM2.5 - Local Conditions","170","Met One BAM-1020 Mass Monitor w/VSCC","44140","Springfield, MA","25","Massachusetts","013","Hampden","42.1202291946886","-72.5845032277788"
"03/02/2021","AQS","250130018","3","4.9","ug/m3 LC","27","","1","100.0000","88101","PM2.5 - Local Conditions","170","Met One BAM-1020 Mass Monitor w/VSCC","44140","Springfield, MA","25","Massachusetts","013","Hampden","42.1202291946886","-72.5845032277788"
"03/03/2021","AQS","250130018","3","9.7","ug/m3 LC","52","","1","100.0000","88101","PM2.5 - Local Conditions","170","Met One BAM-1020 Mass Monitor w/VSCC","44140","Springfield, MA","25","Massachusetts","013","Hampden","42.1202291946886","-72.5845032277788"
"03/04/2021","AQS","250130018","3","8.9","ug/m3 LC","49","","1","100.0000","88101","PM2.5 - Local Conditions","170","Met One BAM-1020 Mass Monitor w/VSCC","44140","Springfield, MA","25","Massachusetts","013","Hampden","42.1202291946886","-72.5845032277788"
"03/05/2021","AQS","250130018","3","5.7","ug/m3 LC","32","","1","100.0000","88101","PM2.5 - Local Conditions","170","Met One BAM-1020 Mass Monitor w/VSCC","44140","Springfield, MA","25","Massachusetts","013","Hampden","42.1202291946886","-72.5845032277788"
"03/06/2021","AQS","250130018","3","6.3","ug/m3 LC","35","","1","100.0000","88101","PM2.5 - Local Conditions","170","Met One BAM-1020 Mass Monitor w/VSCC","44140","Springfield, MA","25","Massachusetts","013","Hampden","42.1202291946886","-72.5845032277788"
"03/07/2021","AQS","250130018","3","6.5","ug/m3 LC","36","","1","100.0000","88101","PM2.5 - Local Conditions","170","Met One BAM-1020 Mass Monitor w/VSCC","44140","Springfield, MA","25","Massachusetts","013","Hampden","42.1202291946886","-72.5845032277788"
"03/08/2021","AQS","250130018","3","6.7","ug/m3 LC","37","","1","100.0000","88101","PM2.5 - Local Conditions","170","Met One BAM-1020 Mass Monitor w/VSCC","44140","Springfield, MA","25","Massachusetts","013","Hampden","42.1202291946886","-72.5845032277788"
"03/09/2021","AQS","250130018","3","11.3","ug/m3 LC","55","","1","100.0000","88101","PM2.5 - Local Conditions","170","Met One BAM-1020 Mass Monitor w/VSCC","44140","Springfield, MA","25","Massachusetts","013","Hampden","42.1202291946886","-72.5845032277788"
"03/10/2021","AQS","250130018","3","12","ug/m3 LC","56","","1","100.0000","88101","PM2.5 - Local Conditions","170","Met One BAM-1020 Mass Monitor w/VSCC","44140","Springfield, MA","25","Massachusetts","013","Hampden","42.1202291946886","-72.5845032277788"
"03/11/2021","AQS","250130018","3","17","ug/m3 LC","66","","1","100.0000","88101","PM2.5 - Local Conditions","170","Met One BAM-1020 Mass Monitor w/VSCC","44140","Springfield, MA","25","Massachusetts","013","Hampden","42.1202291946886","-72.5845032277788"
"03/12/2021","AQS","250130018","3","8.3","ug/m3 LC","46","","1","100.0000","88101","PM2.5 - Local Conditions","170","Met One BAM-1020 Mass Monitor w/VSCC","44140","Springfield, MA","25","Massachusetts","013","Hampden","42.1202291946886","-72.5845032277788"
"03/13/2021","AQS","250130018","3","5.9","ug/m3 LC","33","","1","100.0000","88101","PM2.5 - Local Conditions","170","Met One BAM-1020 Mass Monitor w/VSCC","44140","Springfield, MA","25","Massachusetts","013","Hampden","42.1202291946886","-72.5845032277788"
"03/14/2021","AQS","250130018","3","6.9","ug/m3 LC","38","","1","100.0000","88101","PM2.5 - Local Conditions","170","Met One BAM-1020 Mass Monitor w/VSCC","44140","Springfield, MA","25","Massachusetts","013","Hampden","42.1202291946886","-72.5845032277788"
"03/15/2021","AQS","250130018","3","6.7","ug/m3 LC","37","","1","100.0000","88101","PM2.5 - Local Conditions","170","Met One BAM-1020 Mass Monitor w/VSCC","44140","Springfield, MA","25","Massachusetts","013","Hampden","42.1202291946886","-72.5845032277788"
"03/16/2021","AQS","250130018","3","8.7","ug/m3 LC","48","","1","100.0000","88101","PM2.5 - Local Conditions","170","Met One BAM-1020 Mass Monitor w/VSCC","44140","Springfield, MA","25","Massachusetts","013","Hampden","42.1202291946886","-72.5845032277788"
"03/17/2021","AQS","250130018","3","12.8","ug/m3 LC","58","","1","100.0000","88101","PM2.5 - Local Conditions","170","Met One BAM-1020 Mass Monitor w/VSCC","44140","Springfield, MA","25","Massachusetts","013","Hampden","42.1202291946886","-72.5845032277788"
"03/18/2021","AQS","250130018","3","14.7","ug/m3 LC","61","","1","100.0000","88101","PM2.5 - Local Conditions","170","Met One BAM-1020 Mass Monitor w/VSCC","44140","Springfield, MA","25","Massachusetts","013","Hampden","42.1202291946886","-72.5845032277788"
"03/19/2021","AQS","250130018","3","7.2","ug/m3 LC","40","","1","100.0000","88101","PM2.5 - Local Conditions","170","Met One BAM-1020 Mass Monitor w/VSCC","44140","Springfield, MA","25","Massachusetts","013","Hampden","42.1202291946886","-72.5845032277788"
"03/20/2021","AQS","250130018","3","10.7","ug/m3 LC","54","","1","100.0000","88101","PM2.5 - Local Conditions","170","Met One BAM-1020 Mass Monitor w/VSCC","44140","Springfield, MA","25","Massachusetts","013","Hampden","42.1202291946886","-72.5845032277788"
"03/21/2021","AQS","250130018","3","11.8","ug/m3 LC","56","","1","100.0000","88101","PM2.5 - Local Conditions","170","Met One BAM-1020 Mass Monitor w/VSCC","44140","Springfield, MA","25","Massachusetts","013","Hampden","42.1202291946886","-72.5845032277788"
"03/22/2021","AQS","250130018","3","11.2","ug/m3 LC","55","","1","100.0000","88101","PM2.5 - Local Conditions","170","Met One BAM-1020 Mass Monitor w/VSCC","44140","Springfield, MA","25","Massachusetts","013","Hampden","42.1202291946886","-72.5845032277788"
"03/23/2021","AQS","250130018","3","8.3","ug/m3 LC","46","","1","100.0000","88101","PM2.5 - Local Conditions","170","Met One BAM-1020 Mass Monitor w/VSCC","44140","Springfield, MA","25","Massachusetts","013","Hampden","42.1202291946886","-72.5845032277788"
"03/24/2021","AQS","250130018","3","9.1","ug/m3 LC","51","","1","100.0000","88101","PM2.5 - Local Conditions","170","Met One BAM-1020 Mass Monitor w/VSCC","44140","Springfield, MA","25","Massachusetts","013","Hampden","42.1202291946886","-72.5845032277788"
"03/25/2021","AQS","250130018","3","8.1","ug/m3 LC","45","","1","100.0000","88101","PM2.5 - Local Conditions","170","Met One BAM-1020 Mass Monitor w/VSCC","44140","Springfield, MA","25","Massachusetts","013","Hampden","42.1202291946886","-72.5845032277788"
"03/26/2021","AQS","250130018","3","9.1","ug/m3 LC","51","","1","100.0000","88101","PM2.5 - Local Conditions","170","Met One BAM-1020 Mass Monitor w/VSCC","44140","Springfield, MA","25","Massachusetts","013","Hampden","42.1202291946886","-72.5845032277788"
"03/27/2021","AQS","250130018","3","8.6","ug/m3 LC","48","","1","100.0000","88101","PM2.5 - Local Conditions","170","Met One BAM-1020 Mass Monitor w/VSCC","44140","Springfield, MA","25","Massachusetts","013","Hampden","42.1202291946886","-72.5845032277788"
"03/28/2021","AQS","250130018","3","8","ug/m3 LC","44","","1","100.0000","88101","PM2.5 - Local Conditions","170","Met One BAM-1020 Mass Monitor w/VSCC","44140","Springfield, MA","25","Massachusetts","013","Hampden","42.1202291946886","-72.5845032277788"
"03/29/2021","AQS","250130018","3","5.4","ug/m3 LC","30","","1","100.0000","88101","PM2.5 - Local Conditions","170","Met One BAM-1020 Mass Monitor w/VSCC","44140","Springfield, MA","25","Massachusetts","013","Hampden","42.1202291946886","-72.5845032277788"
"03/30/2021","AQS","250130018","3","7.7","ug/m3 LC","43","","1","100.0000","88101","PM2.5 - Local Conditions","170","Met One BAM-1020 Mass Monitor w/VSCC","44140","Springfield, MA","25","Massachusetts","013","Hampden","42.1202291946886","-72.5845032277788"
"03/31/2021","AQS","250130018","3","8.4","ug/m3 LC","47","","1","100.0000","88101","PM2.5 - Local Conditions","170","Met One BAM-1020 Mass Monitor w/VSCC","44140","Springfield, MA","25","Massachusetts","013","Hampden","42.1202291946886","-72.5845032277788"
"04/01/2021","AQS","250130018","3","6.2","ug/m3 LC","34","","1","100.0000","88101","PM2.5 - Local Conditions","170","Met One BAM-1020 Mass Monitor w/VSCC","44140","Springfield, MA","25","Massachusetts","013","Hampden","42.1202291946886","-72.5845032277788"
"04/02/2021","AQS","250130018","3","7.2","ug/m3 LC","40","","1","100.0000","88101","PM2.5 - Local Conditions","170","Met One BAM-1020 Mass Monitor w/VSCC","44140","Springfield, MA","25","Massachusetts","013","Hampden","42.1202291946886","-72.5845032277788"
"04/03/2021","AQS","250130018","3","8.1","ug/m3 LC","45","","1","100.0000","88101","PM2.5 - Local Conditions","170","Met One BAM-1020 Mass Monitor w/VSCC","44140","Springfield, MA","25","Massachusetts","013","Hampden","42.1202291946886","-72.5845032277788"
"04/04/2021","AQS","250130018","3","10.6","ug/m3 LC","54","","1","100.0000","88101","PM2.5 - Local Conditions","170","Met One BAM-1020 Mass Monitor w/VSCC","44140","Springfield, MA","25","Massachusetts","013","Hampden","42.1202291946886","-72.5845032277788"
"04/05/2021","AQS","250130018","3","8.8","ug/m3 LC","49","","1","100.0000","88101","PM2.5 - Local Conditions","170","Met One BAM-1020 Mass Monitor w/VSCC","44140","Springfield, MA","25","Massachusetts","013","Hampden","42.1202291946886","-72.5845032277788"
"04/06/2021","AQS","250130018","3","5.9","ug/m3 LC","33","","1","100.0000","88101","PM2.5 - Local Conditions","170","Met One BAM-1020 Mass Monitor w/VSCC","44140","Springfield, MA","25","Massachusetts","013","Hampden","42.1202291946886","-72.5845032277788"
"04/07/2021","AQS","250130018","3","5.6","ug/m3 LC","31","","1","100.0000","88101","PM2.5 - Local Conditions","170","Met One BAM-1020 Mass Monitor w/VSCC","44140","Springfield, MA","25","Massachusetts","013","Hampden","42.1202291946886","-72.5845032277788"
"04/08/2021","AQS","250130018","3","6.8","ug/m3 LC","38","","1","100.0000","88101","PM2.5 - Local Conditions","170","Met One BAM-1020 Mass Monitor w/VSCC","44140","Springfield, MA","25","Massachusetts","013","Hampden","42.1202291946886","-72.5845032277788"
"04/09/2021","AQS","250130018","3","6.5","ug/m3 LC","36","","1","100.0000","88101","PM2.5 - Local Conditions","170","Met One BAM-1020 Mass Monitor w/VSCC","44140","Springfield, MA","25","Massachusetts","013","Hampden","42.1202291946886","-72.5845032277788"
"04/10/2021","AQS","250130018","3","7.6","ug/m3 LC","42","","1","100.0000","88101","PM2.5 - Local Conditions","170","Met One BAM-1020 Mass Monitor w/VSCC","44140","Springfield, MA","25","Massachusetts","013","Hampden","42.1202291946886","-72.5845032277788"
"04/11/2021","AQS","250130018","3","11.1","ug/m3 LC","55","","1","100.0000","88101","PM2.5 - Local Conditions","170","Met One BAM-1020 Mass Monitor w/VSCC","44140","Springfield, MA","25","Massachusetts","013","Hampden","42.1202291946886","-72.5845032277788"
"04/12/2021","AQS","250130018","3","7.3","ug/m3 LC","41","","1","100.0000","88101","PM2.5 - Local Conditions","170","Met One BAM-1020 Mass Monitor w/VSCC","44140","Springfield, MA","25","Massachusetts","013","Hampden","42.1202291946886","-72.5845032277788"
"04/13/2021","AQS","250130018","3","6.2","ug/m3 LC","34","","1","100.0000","88101","PM2.5 - Local Conditions","170","Met One BAM-1020 Mass Monitor w/VSCC","44140","Springfield, MA","25","Massachusetts","013","Hampden","42.1202291946886","-72.5845032277788"
"04/14/2021","AQS","250130018","3","7.2","ug/m3 LC","40","","1","100.0000","88101","PM2.5 - Local Conditions","170","Met One BAM-1020 Mass Monitor w/VSCC","44140","Springfield, MA","25","Massachusetts","013","Hampden","42.1202291946886","-72.5845032277788"
"04/15/2021","AQS","250130018","3","9","ug/m3 LC","50","","1","100.0000","88101","PM2.5 - Local Conditions","170","Met One BAM-1020 Mass Monitor w/VSCC","44140","Springfield, MA","25","Massachusetts","013","Hampden","42.1202291946886","-72.5845032277788"
"04/16/2021","AQS","250130018","3","5.7","ug/m3 LC","32","","1","100.0000","88101","PM2.5 - Local Conditions","170","Met One BAM-1020 Mass Monitor w/VSCC","44140","Springfield, MA","25","Massachusetts","013","Hampden","42.1202291946886","-72.5845032277788"
"04/17/2021","AQS","250130018","3","6.9","ug/m3 LC","38","","1","100.0000","88101","PM2.5 - Local Conditions","170","Met One BAM-1020 Mass Monitor w/VSCC","44140","Springfield, MA","25","Massachusetts","013","Hampden","42.1202291946886","-72.5845032277788"
"04/18/2021","AQS","250130018","3","10.2","ug/m3 LC","53","","1","100.0000","88101","PM2.5 - Local Conditions","170","Met One BAM-1020 Mass Monitor w/VSCC","44140","Springfield, MA","25","Massachusetts","013","Hampden","42.1202291946886","-72.5845032277788"
"04/19/2021","AQS","250130018","3","8.5","ug/m3 LC","47","","1","100.0000","88101","PM2.5 - Local Conditions","170","Met One BAM-1020 Mass Monitor w/VSCC","44140","Springfield, MA","25","Massachusetts","013","Hampden","42.1202291946886","-72.5845032277788"
"04/20/2021","AQS","250130018","3","10.4","ug/m3 LC","53","","1","100.0000","88101","PM2.5 - Local Conditions","170","Met One BAM-1020 Mass Monitor w/VSCC","44140","Springfield, MA","25","Massachusetts","013","Hampden","42.1202291946886","-72.5845032277788"
"04/21/2021","AQS","250130018","3","7.9","ug/m3 LC","44","","1","100.0000","88101","PM2.5 - Local Conditions","170","Met One BAM-1020 Mass Monitor w/VSCC","44140","Springfield, MA","25","Massachusetts","013","Hampden","42.1202291946886","-72.5845032277788"
"04/22/2021","AQS","250130018","3","6","ug/m3 LC","33","","1","100.0000","88101","PM2.5 - Local Conditions","170","Met One BAM-1020 Mass Monitor w/VSCC","44140","Springfield, MA","25","Massachusetts","013","Hampden","42.1202291946886","-72.5845032277788"
"04/23/2021","AQS","250130018","3","7.6","ug/m3 LC","42","","1","100.0000","88101","PM2.5 - Local Conditions","170","Met One BAM-1020 Mass Monitor w/VSCC","44140","Springfield, MA","25","Massachusetts","013","Hampden","42.1202291946886","-72.5845032277788"
"04/24/2021","AQS","250130018","3","12.4","ug/m3 LC","57","","1","100.0000","88101","PM2.5 - Local Conditions","170","Met One BAM-1020 Mass Monitor w/VSCC","44140","Springfield, MA","25","Massachusetts","013","Hampden","42.1202291946886","-72.5845032277788"
"04/25/2021","AQS","250130018","3","13.1","ug/m3 LC","58","","1","100.0000","88101","PM2.5 - Local Conditions","170","Met One BAM-1020 Mass Monitor w/VSCC","44140","Springfield, MA","25","Massachusetts","013","Hampden","42.1202291946886","-72.5845032277788"
"04/26/2021","AQS","250130018","3","6.3","ug/m3 LC","35","","1","100.0000","88101","PM2.5 - Local Conditions","170","Met One BAM-1020 Mass Monitor w/VSCC","44140","Springfield, MA","25","Massachusetts","013","Hampden","42.1202291946886","-72.5845032277788"
"04/27/2021","AQS","250130018","3","7.1","ug/m3 LC","39","","1","100.0000","88101","PM2.5 - Local Conditions","170","Met One BAM-1020 Mass Monitor w/VSCC","44140","Springfield, MA","25","Massachusetts","013","Hampden","42.1202291946886","-72.5845032277788"
"04/28/2021","AQS","250130018","3","12.8","ug/m3 LC","58","","1","100.0000","88101","PM2.5 - Local Conditions","170","Met One BAM-1020 Mass Monitor w/VSCC","44140","Springfield, MA","25","Massachusetts","013","Hampden","42.1202291946886","-72.5845032277788"
"04/29/2021","AQS","250130018","3","14.4","ug/m3 LC","61","","1","100.0000","88101","PM2.5 - Local Conditions","170","Met One BAM-1020 Mass Monitor w/VSCC","44140","Springfield, MA","25","Massachusetts","013","Hampden","42.1202291946886","-72.5845032277788"
"04/30/2021","AQS","250130018","3","5.8","ug/m3 LC","32","","1","100.0000","88101","PM2.5 - Local Conditions","170","Met One BAM-1020 Mass Monitor w/VSCC","44140","Springfield, MA","25","Massachusetts","013","Hampden","42.1202291946886","-72.5845032277788"
"05/01/2021","AQS","250130018","3","5.8","ug/m3 LC","32","","1","100.0000","88101","PM2.5 - Local Conditions","170","Met One BAM-1020 Mass Monitor w/VSCC","44140","Springfield, MA","25","Massachusetts","013","Hampden","42.1202291946886","-72.5845032277788"
"05/02/2021","AQS","250130018","3","9.2","ug/m3 LC","51","","1","100.0000","88101","PM2.5 - Local Conditions","170","Met One BAM-1020 Mass Monitor w/VSCC","44140","Springfield, MA","25","Massachusetts","013","Hampden","42.1202291946886","-72.5845032277788"
"05/03/2021","AQS","250130018","3","9.2","ug/m3 LC","51","","1","100.0000","88101","PM2.5 - Local Conditions","170","Met One BAM-1020 Mass Monitor w/VSCC","44140","Springfield, MA","25","Massachusetts","013","Hampden","42.1202291946886","-72.5845032277788"
"05/04/2021","AQS","250130018","3","8.1","ug/m3 LC","45","","1","100.0000","88101","PM2.5 - Local Conditions","170","Met One BAM-1020 Mass Monitor w/VSCC","44140","Springfield, MA","25","Massachusetts","013","Hampden","42.1202291946886","-72.5845032277788"
"05/05/2021","AQS","250130018","3","6.8","ug/m3 LC","38","","1","100.0000","88101","PM2.5 - Local Conditions","170","Met One BAM-1020 Mass Monitor w/VSCC","44140","Springfield, MA","25","Massachusetts","013","Hampden","42.1202291946886","-72.5845032277788"
"05/06/2021","AQS","250130018","3","5.5","ug/m3 LC","31","","1","100.0000","88101","PM2.5 - Local Conditions","170","Met One BAM-1020 Mass Monitor w/VSCC","44140","Springfield, MA","25","Massachusetts","013","Hampden","42.1202291946886","-72.5845032277788"
"05/07/2021","AQS","250130018","3","6.5","ug/m3 LC","36","","1","100.0000","88101","PM2.5 - Local Conditions","170","Met One BAM-1020 Mass Monitor w/VSCC","44140","Springfield, MA","25","Massachusetts","013","Hampden","42.1202291946886","-72.5845032277788"
"05/08/2021","AQS","250130018","3","6.8","ug/m3 LC","38","","1","100.0000","88101","PM2.5 - Local Conditions","170","Met One BAM-1020 Mass Monitor w/VSCC","44140","Springfield, MA","25","Massachusetts","013","Hampden","42.1202291946886","-72.5845032277788"
"05/09/2021","AQS","250130018","3","6.5","ug/m3 LC","36","","1","100.0000","88101","PM2.5 - Local Conditions","170","Met One BAM-1020 Mass Monitor w/VSCC","44140","Springfield, MA","25","Massachusetts","013","Hampden","42.1202291946886","-72.5845032277788"
"05/10/2021","AQS","250130018","3","7.6","ug/m3 LC","42","","1","100.0000","88101","PM2.5 - Local Conditions","170","Met One BAM-1020 Mass Monitor w/VSCC","44140","Springfield, MA","25","Massachusetts","013","Hampden","42.1202291946886","-72.5845032277788"
"05/11/2021","AQS","250130018","3","5.2","ug/m3 LC","29","","1","100.0000","88101","PM2.5 - Local Conditions","170","Met One BAM-1020 Mass Monitor w/VSCC","44140","Springfield, MA","25","Massachusetts","013","Hampden","42.1202291946886","-72.5845032277788"
"05/12/2021","AQS","250130018","3","5.2","ug/m3 LC","29","","1","100.0000","88101","PM2.5 - Local Conditions","170","Met One BAM-1020 Mass Monitor w/VSCC","44140","Springfield, MA","25","Massachusetts","013","Hampden","42.1202291946886","-72.5845032277788"
"05/13/2021","AQS","250130018","3","10.5","ug/m3 LC","54","","1","100.0000","88101","PM2.5 - Local Conditions","170","Met One BAM-1020 Mass Monitor w/VSCC","44140","Springfield, MA","25","Massachusetts","013","Hampden","42.1202291946886","-72.5845032277788"
"05/14/2021","AQS","250130018","3","13.6","ug/m3 LC","59","","1","100.0000","88101","PM2.5 - Local Conditions","170","Met One BAM-1020 Mass Monitor w/VSCC","44140","Springfield, MA","25","Massachusetts","013","Hampden","42.1202291946886","-72.5845032277788"
"05/15/2021","AQS","250130018","3","12","ug/m3 LC","56","","1","100.0000","88101","PM2.5 - Local Conditions","170","Met One BAM-1020 Mass Monitor w/VSCC","44140","Springfield, MA","25","Massachusetts","013","Hampden","42.1202291946886","-72.5845032277788"
"05/16/2021","AQS","250130018","3","13","ug/m3 LC","58","","1","100.0000","88101","PM2.5 - Local Conditions","170","Met One BAM-1020 Mass Monitor w/VSCC","44140","Springfield, MA","25","Massachusetts","013","Hampden","42.1202291946886","-72.5845032277788"
"05/17/2021","AQS","250130018","3","10.5","ug/m3 LC","54","","1","100.0000","88101","PM2.5 - Local Conditions","170","Met One BAM-1020 Mass Monitor w/VSCC","44140","Springfield, MA","25","Massachusetts","013","Hampden","42.1202291946886","-72.5845032277788"
"05/18/2021","AQS","250130018","3","12.4","ug/m3 LC","57","","1","100.0000","88101","PM2.5 - Local Conditions","170","Met One BAM-1020 Mass Monitor w/VSCC","44140","Springfield, MA","25","Massachusetts","013","Hampden","42.1202291946886","-72.5845032277788"
"05/19/2021","AQS","250130018","3","13","ug/m3 LC","58","","1","100.0000","88101","PM2.5 - Local Conditions","170","Met One BAM-1020 Mass Monitor w/VSCC","44140","Springfield, MA","25","Massachusetts","013","Hampden","42.1202291946886","-72.5845032277788"
"05/20/2021","AQS","250130018","3","10.2","ug/m3 LC","53","","1","100.0000","88101","PM2.5 - Local Conditions","170","Met One BAM-1020 Mass Monitor w/VSCC","44140","Springfield, MA","25","Massachusetts","013","Hampden","42.1202291946886","-72.5845032277788"
"05/21/2021","AQS","250130018","3","10.9","ug/m3 LC","54","","1","100.0000","88101","PM2.5 - Local Conditions","170","Met One BAM-1020 Mass Monitor w/VSCC","44140","Springfield, MA","25","Massachusetts","013","Hampden","42.1202291946886","-72.5845032277788"
"05/22/2021","AQS","250130018","3","13.2","ug/m3 LC","59","","1","100.0000","88101","PM2.5 - Local Conditions","170","Met One BAM-1020 Mass Monitor w/VSCC","44140","Springfield, MA","25","Massachusetts","013","Hampden","42.1202291946886","-72.5845032277788"
"05/23/2021","AQS","250130018","3","8.7","ug/m3 LC","48","","1","100.0000","88101","PM2.5 - Local Conditions","170","Met One BAM-1020 Mass Monitor w/VSCC","44140","Springfield, MA","25","Massachusetts","013","Hampden","42.1202291946886","-72.5845032277788"
"05/24/2021","AQS","250130018","3","7.4","ug/m3 LC","41","","1","100.0000","88101","PM2.5 - Local Conditions","170","Met One BAM-1020 Mass Monitor w/VSCC","44140","Springfield, MA","25","Massachusetts","013","Hampden","42.1202291946886","-72.5845032277788"
"05/25/2021","AQS","250130018","3","9.5","ug/m3 LC","52","","1","100.0000","88101","PM2.5 - Local Conditions","170","Met One BAM-1020 Mass Monitor w/VSCC","44140","Springfield, MA","25","Massachusetts","013","Hampden","42.1202291946886","-72.5845032277788"
"05/26/2021","AQS","250130018","3","12.8","ug/m3 LC","58","","1","100.0000","88101","PM2.5 - Local Conditions","170","Met One BAM-1020 Mass Monitor w/VSCC","44140","Springfield, MA","25","Massachusetts","013","Hampden","42.1202291946886","-72.5845032277788"
"05/27/2021","AQS","250130018","3","8.2","ug/m3 LC","46","","1","100.0000","88101","PM2.5 - Local Conditions","170","Met One BAM-1020 Mass Monitor w/VSCC","44140","Springfield, MA","25","Massachusetts","013","Hampden","42.1202291946886","-72.5845032277788"
"05/28/2021","AQS","250130018","3","7.8","ug/m3 LC","43","","1","100.0000","88101","PM2.5 - Local Conditions","170","Met One BAM-1020 Mass Monitor w/VSCC","44140","Springfield, MA","25","Massachusetts","013","Hampden","42.1202291946886","-72.5845032277788"
"05/29/2021","AQS","250130018","3","7.9","ug/m3 LC","44","","1","100.0000","88101","PM2.5 - Local Conditions","170","Met One BAM-1020 Mass Monitor w/VSCC","44140","Springfield, MA","25","Massachusetts","013","Hampden","42.1202291946886","-72.5845032277788"
"05/30/2021","AQS","250130018","3","6.6","ug/m3 LC","37","","1","100.0000","88101","PM2.5 - Local Conditions","170","Met One BAM-1020 Mass Monitor w/VSCC","44140","Springfield, MA","25","Massachusetts","013","Hampden","42.1202291946886","-72.5845032277788"
"05/31/2021","AQS","250130018","3","6.5","ug/m3 LC","36","","1","100.0000","88101","PM2.5 - Local Conditions","170","Met One BAM-1020 Mass Monitor w/VSCC","44140","Springfield, MA","25","Massachusetts","013","Hampden","42.1202291946886","-72.5845032277788"
"06/01/2021","AQS","250130018","3","10.5","ug/m3 LC","54","","1","100.0000","88101","PM2.5 - Local Conditions","170","Met One BAM-1020 Mass Monitor w/VSCC","44140","Springfield, MA","25","Massachusetts","013","Hampden","42.1202291946886","-72.5845032277788"
"06/02/2021","AQS","250130018","3","12.7","ug/m3 LC","58","","1","100.0000","88101","PM2.5 - Local Conditions","170","Met One BAM-1020 Mass Monitor w/VSCC","44140","Springfield, MA","25","Massachusetts","013","Hampden","42.1202291946886","-72.5845032277788"
"06/03/2021","AQS","250130018","3","9.3","ug/m3 LC","51","","1","100.0000","88101","PM2.5 - Local Conditions","170","Met One BAM-1020 Mass Monitor w/VSCC","44140","Springfield, MA","25","Massachusetts","013","Hampden","42.1202291946886","-72.5845032277788"
"06/04/2021","AQS","250130018","3","10.8","ug/m3 LC","54","","1","100.0000","88101","PM2.5 - Local Conditions","170","Met One BAM-1020 Mass Monitor w/VSCC","44140","Springfield, MA","25","Massachusetts","013","Hampden","42.1202291946886","-72.5845032277788"
"06/05/2021","AQS","250130018","3","11.4","ug/m3 LC","55","","1","100.0000","88101","PM2.5 - Local Conditions","170","Met One BAM-1020 Mass Monitor w/VSCC","44140","Springfield, MA","25","Massachusetts","013","Hampden","42.1202291946886","-72.5845032277788"
"06/06/2021","AQS","250130018","3","15.2","ug/m3 LC","62","","1","100.0000","88101","PM2.5 - Local Conditions","170","Met One BAM-1020 Mass Monitor w/VSCC","44140","Springfield, MA","25","Massachusetts","013","Hampden","42.1202291946886","-72.5845032277788"
"06/07/2021","AQS","250130018","3","17.3","ug/m3 LC","66","","1","100.0000","88101","PM2.5 - Local Conditions","170","Met One BAM-1020 Mass Monitor w/VSCC","44140","Springfield, MA","25","Massachusetts","013","Hampden","42.1202291946886","-72.5845032277788"
"06/08/2021","AQS","250130018","3","15.3","ug/m3 LC","63","","1","100.0000","88101","PM2.5 - Local Conditions","170","Met One BAM-1020 Mass Monitor w/VSCC","44140","Springfield, MA","25","Massachusetts","013","Hampden","42.1202291946886","-72.5845032277788"
"06/09/2021","AQS","250130018","3","11.6","ug/m3 LC","56","","1","100.0000","88101","PM2.5 - Local Conditions","170","Met One BAM-1020 Mass Monitor w/VSCC","44140","Springfield, MA","25","Massachusetts","013","Hampden","42.1202291946886","-72.5845032277788"
"06/10/2021","AQS","250130018","3","9.1","ug/m3 LC","51","","1","100.0000","88101","PM2.5 - Local Conditions","170","Met One BAM-1020 Mass Monitor w/VSCC","44140","Springfield, MA","25","Massachusetts","013","Hampden","42.1202291946886","-72.5845032277788"
"06/11/2021","AQS","250130018","3","9","ug/m3 LC","50","","1","100.0000","88101","PM2.5 - Local Conditions","170","Met One BAM-1020 Mass Monitor w/VSCC","44140","Springfield, MA","25","Massachusetts","013","Hampden","42.1202291946886","-72.5845032277788"
"06/12/2021","AQS","250130018","3","8.3","ug/m3 LC","46","","1","100.0000","88101","PM2.5 - Local Conditions","170","Met One BAM-1020 Mass Monitor w/VSCC","44140","Springfield, MA","25","Massachusetts","013","Hampden","42.1202291946886","-72.5845032277788"
"06/13/2021","AQS","250130018","3","10.1","ug/m3 LC","53","","1","100.0000","88101","PM2.5 - Local Conditions","170","Met One BAM-1020 Mass Monitor w/VSCC","44140","Springfield, MA","25","Massachusetts","013","Hampden","42.1202291946886","-72.5845032277788"
"06/14/2021","AQS","250130018","3","6.5","ug/m3 LC","36","","1","100.0000","88101","PM2.5 - Local Conditions","170","Met One BAM-1020 Mass Monitor w/VSCC","44140","Springfield, MA","25","Massachusetts","013","Hampden","42.1202291946886","-72.5845032277788"
"06/15/2021","AQS","250130018","3","7.9","ug/m3 LC","44","","1","100.0000","88101","PM2.5 - Local Conditions","170","Met One BAM-1020 Mass Monitor w/VSCC","44140","Springfield, MA","25","Massachusetts","013","Hampden","42.1202291946886","-72.5845032277788"
"06/16/2021","AQS","250130018","3","5.9","ug/m3 LC","33","","1","100.0000","88101","PM2.5 - Local Conditions","170","Met One BAM-1020 Mass Monitor w/VSCC","44140","Springfield, MA","25","Massachusetts","013","Hampden","42.1202291946886","-72.5845032277788"
"06/17/2021","AQS","250130018","3","8.5","ug/m3 LC","47","","1","100.0000","88101","PM2.5 - Local Conditions","170","Met One BAM-1020 Mass Monitor w/VSCC","44140","Springfield, MA","25","Massachusetts","013","Hampden","42.1202291946886","-72.5845032277788"
"06/18/2021","AQS","250130018","3","11.1","ug/m3 LC","55","","1","100.0000","88101","PM2.5 - Local Conditions","170","Met One BAM-1020 Mass Monitor w/VSCC","44140","Springfield, MA","25","Massachusetts","013","Hampden","42.1202291946886","-72.5845032277788"
"06/19/2021","AQS","250130018","3","11.8","ug/m3 LC","56","","1","100.0000","88101","PM2.5 - Local Conditions","170","Met One BAM-1020 Mass Monitor w/VSCC","44140","Springfield, MA","25","Massachusetts","013","Hampden","42.1202291946886","-72.5845032277788"
"06/20/2021","AQS","250130018","3","10.5","ug/m3 LC","54","","1","100.0000","88101","PM2.5 - Local Conditions","170","Met One BAM-1020 Mass Monitor w/VSCC","44140","Springfield, MA","25","Massachusetts","013","Hampden","42.1202291946886","-72.5845032277788"
"06/21/2021","AQS","250130018","3","16.1","ug/m3 LC","64","","1","100.0000","88101","PM2.5 - Local Conditions","170","Met One BAM-1020 Mass Monitor w/VSCC","44140","Springfield, MA","25","Massachusetts","013","Hampden","42.1202291946886","-72.5845032277788"
"06/22/2021","AQS","250130018","3","7","ug/m3 LC","39","","1","100.0000","88101","PM2.5 - Local Conditions","170","Met One BAM-1020 Mass Monitor w/VSCC","44140","Springfield, MA","25","Massachusetts","013","Hampden","42.1202291946886","-72.5845032277788"
"06/23/2021","AQS","250130018","3","7.5","ug/m3 LC","42","","1","100.0000","88101","PM2.5 - Local Conditions","170","Met One BAM-1020 Mass Monitor w/VSCC","44140","Springfield, MA","25","Massachusetts","013","Hampden","42.1202291946886","-72.5845032277788"
"06/24/2021","AQS","250130018","3","8.3","ug/m3 LC","46","","1","100.0000","88101","PM2.5 - Local Conditions","170","Met One BAM-1020 Mass Monitor w/VSCC","44140","Springfield, MA","25","Massachusetts","013","Hampden","42.1202291946886","-72.5845032277788"
"06/25/2021","AQS","250130018","3","7.4","ug/m3 LC","41","","1","100.0000","88101","PM2.5 - Local Conditions","170","Met One BAM-1020 Mass Monitor w/VSCC","44140","Springfield, MA","25","Massachusetts","013","Hampden","42.1202291946886","-72.5845032277788"
"06/26/2021","AQS","250130018","3","10.1","ug/m3 LC","53","","1","100.0000","88101","PM2.5 - Local Conditions","170","Met One BAM-1020 Mass Monitor w/VSCC","44140","Springfield, MA","25","Massachusetts","013","Hampden","42.1202291946886","-72.5845032277788"
"06/27/2021","AQS","250130018","3","13.5","ug/m3 LC","59","","1","100.0000","88101","PM2.5 - Local Conditions","170","Met One BAM-1020 Mass Monitor w/VSCC","44140","Springfield, MA","25","Massachusetts","013","Hampden","42.1202291946886","-72.5845032277788"
"06/28/2021","AQS","250130018","3","14.9","ug/m3 LC","62","","1","100.0000","88101","PM2.5 - Local Conditions","170","Met One BAM-1020 Mass Monitor w/VSCC","44140","Springfield, MA","25","Massachusetts","013","Hampden","42.1202291946886","-72.5845032277788"
"06/29/2021","AQS","250130018","3","12","ug/m3 LC","56","","1","100.0000","88101","PM2.5 - Local Conditions","170","Met One BAM-1020 Mass Monitor w/VSCC","44140","Springfield, MA","25","Massachusetts","013","Hampden","42.1202291946886","-72.5845032277788"
"06/30/2021","AQS","250130018","3","9.5","ug/m3 LC","52","","1","100.0000","88101","PM2.5 - Local Conditions","170","Met One BAM-1020 Mass Monitor w/VSCC","44140","Springfield, MA","25","Massachusetts","013","Hampden","42.1202291946886","-72.5845032277788"
"07/01/2021","AQS","250130018","3","6.5","ug/m3 LC","36","","1","100.0000","88101","PM2.5 - Local Conditions","170","Met One BAM-1020 Mass Monitor w/VSCC","44140","Springfield, MA","25","Massachusetts","013","Hampden","42.1202291946886","-72.5845032277788"
"07/02/2021","AQS","250130018","3","6","ug/m3 LC","33","","1","100.0000","88101","PM2.5 - Local Conditions","170","Met One BAM-1020 Mass Monitor w/VSCC","44140","Springfield, MA","25","Massachusetts","013","Hampden","42.1202291946886","-72.5845032277788"
"07/03/2021","AQS","250130018","3","5.1","ug/m3 LC","28","","1","100.0000","88101","PM2.5 - Local Conditions","170","Met One BAM-1020 Mass Monitor w/VSCC","44140","Springfield, MA","25","Massachusetts","013","Hampden","42.1202291946886","-72.5845032277788"
"07/04/2021","AQS","250130018","3","31.3","ug/m3 LC","92","","1","100.0000","88101","PM2.5 - Local Conditions","170","Met One BAM-1020 Mass Monitor w/VSCC","44140","Springfield, MA","25","Massachusetts","013","Hampden","42.1202291946886","-72.5845032277788"
"07/05/2021","AQS","250130018","3","12.3","ug/m3 LC","57","","1","100.0000","88101","PM2.5 - Local Conditions","170","Met One BAM-1020 Mass Monitor w/VSCC","44140","Springfield, MA","25","Massachusetts","013","Hampden","42.1202291946886","-72.5845032277788"
"07/06/2021","AQS","250130018","3","14.5","ug/m3 LC","61","","1","100.0000","88101","PM2.5 - Local Conditions","170","Met One BAM-1020 Mass Monitor w/VSCC","44140","Springfield, MA","25","Massachusetts","013","Hampden","42.1202291946886","-72.5845032277788"
"07/07/2021","AQS","250130018","3","13.8","ug/m3 LC","60","","1","100.0000","88101","PM2.5 - Local Conditions","170","Met One BAM-1020 Mass Monitor w/VSCC","44140","Springfield, MA","25","Massachusetts","013","Hampden","42.1202291946886","-72.5845032277788"
"07/08/2021","AQS","250130018","3","10","ug/m3 LC","53","","1","100.0000","88101","PM2.5 - Local Conditions","170","Met One BAM-1020 Mass Monitor w/VSCC","44140","Springfield, MA","25","Massachusetts","013","Hampden","42.1202291946886","-72.5845032277788"
"07/09/2021","AQS","250130018","3","5","ug/m3 LC","28","","1","100.0000","88101","PM2.5 - Local Conditions","170","Met One BAM-1020 Mass Monitor w/VSCC","44140","Springfield, MA","25","Massachusetts","013","Hampden","42.1202291946886","-72.5845032277788"
"07/10/2021","AQS","250130018","3","5.8","ug/m3 LC","32","","1","100.0000","88101","PM2.5 - Local Conditions","170","Met One BAM-1020 Mass Monitor w/VSCC","44140","Springfield, MA","25","Massachusetts","013","Hampden","42.1202291946886","-72.5845032277788"
"07/11/2021","AQS","250130018","3","9.5","ug/m3 LC","52","","1","100.0000","88101","PM2.5 - Local Conditions","170","Met One BAM-1020 Mass Monitor w/VSCC","44140","Springfield, MA","25","Massachusetts","013","Hampden","42.1202291946886","-72.5845032277788"
"07/12/2021","AQS","250130018","3","3.6","ug/m3 LC","20","","1","100.0000","88101","PM2.5 - Local Conditions","170","Met One BAM-1020 Mass Monitor w/VSCC","44140","Springfield, MA","25","Massachusetts","013","Hampden","42.1202291946886","-72.5845032277788"
"07/13/2021","AQS","250130018","3","6.1","ug/m3 LC","34","","1","100.0000","88101","PM2.5 - Local Conditions","170","Met One BAM-1020 Mass Monitor w/VSCC","44140","Springfield, MA","25","Massachusetts","013","Hampden","42.1202291946886","-72.5845032277788"
"07/14/2021","AQS","250130018","3","6.6","ug/m3 LC","37","","1","100.0000","88101","PM2.5 - Local Conditions","170","Met One BAM-1020 Mass Monitor w/VSCC","44140","Springfield, MA","25","Massachusetts","013","Hampden","42.1202291946886","-72.5845032277788"
"07/15/2021","AQS","250130018","3","6.5","ug/m3 LC","36","","1","100.0000","88101","PM2.5 - Local Conditions","170","Met One BAM-1020 Mass Monitor w/VSCC","44140","Springfield, MA","25","Massachusetts","013","Hampden","42.1202291946886","-72.5845032277788"
"07/20/2021","AQS","250130018","3","30.8","ug/m3 LC","91","","1","100.0000","88101","PM2.5 - Local Conditions","170","Met One BAM-1020 Mass Monitor w/VSCC","44140","Springfield, MA","25","Massachusetts","013","Hampden","42.1202291946886","-72.5845032277788"
"07/21/2021","AQS","250130018","3","12","ug/m3 LC","56","","1","100.0000","88101","PM2.5 - Local Conditions","170","Met One BAM-1020 Mass Monitor w/VSCC","44140","Springfield, MA","25","Massachusetts","013","Hampden","42.1202291946886","-72.5845032277788"
"07/22/2021","AQS","250130018","3","8.3","ug/m3 LC","46","","1","100.0000","88101","PM2.5 - Local Conditions","170","Met One BAM-1020 Mass Monitor w/VSCC","44140","Springfield, MA","25","Massachusetts","013","Hampden","42.1202291946886","-72.5845032277788"
"07/23/2021","AQS","250130018","3","8.3","ug/m3 LC","46","","1","100.0000","88101","PM2.5 - Local Conditions","170","Met One BAM-1020 Mass Monitor w/VSCC","44140","Springfield, MA","25","Massachusetts","013","Hampden","42.1202291946886","-72.5845032277788"
"07/24/2021","AQS","250130018","3","8.7","ug/m3 LC","48","","1","100.0000","88101","PM2.5 - Local Conditions","170","Met One BAM-1020 Mass Monitor w/VSCC","44140","Springfield, MA","25","Massachusetts","013","Hampden","42.1202291946886","-72.5845032277788"
"07/25/2021","AQS","250130018","3","12.1","ug/m3 LC","57","","1","100.0000","88101","PM2.5 - Local Conditions","170","Met One BAM-1020 Mass Monitor w/VSCC","44140","Springfield, MA","25","Massachusetts","013","Hampden","42.1202291946886","-72.5845032277788"
"07/26/2021","AQS","250130018","3","37.2","ug/m3 LC","105","","1","100.0000","88101","PM2.5 - Local Conditions","170","Met One BAM-1020 Mass Monitor w/VSCC","44140","Springfield, MA","25","Massachusetts","013","Hampden","42.1202291946886","-72.5845032277788"
"07/27/2021","AQS","250130018","3","20.7","ug/m3 LC","73","","1","100.0000","88101","PM2.5 - Local Conditions","170","Met One BAM-1020 Mass Monitor w/VSCC","44140","Springfield, MA","25","Massachusetts","013","Hampden","42.1202291946886","-72.5845032277788"
"07/28/2021","AQS","250130018","3","7.6","ug/m3 LC","42","","1","100.0000","88101","PM2.5 - Local Conditions","170","Met One BAM-1020 Mass Monitor w/VSCC","44140","Springfield, MA","25","Massachusetts","013","Hampden","42.1202291946886","-72.5845032277788"
"07/29/2021","AQS","250130018","3","8.9","ug/m3 LC","49","","1","100.0000","88101","PM2.5 - Local Conditions","170","Met One BAM-1020 Mass Monitor w/VSCC","44140","Springfield, MA","25","Massachusetts","013","Hampden","42.1202291946886","-72.5845032277788"
"07/30/2021","AQS","250130018","3","4.9","ug/m3 LC","27","","1","100.0000","88101","PM2.5 - Local Conditions","170","Met One BAM-1020 Mass Monitor w/VSCC","44140","Springfield, MA","25","Massachusetts","013","Hampden","42.1202291946886","-72.5845032277788"
"07/31/2021","AQS","250130018","3","4.6","ug/m3 LC","26","","1","100.0000","88101","PM2.5 - Local Conditions","170","Met One BAM-1020 Mass Monitor w/VSCC","44140","Springfield, MA","25","Massachusetts","013","Hampden","42.1202291946886","-72.5845032277788"
"08/01/2021","AQS","250130018","3","8.2","ug/m3 LC","46","","1","100.0000","88101","PM2.5 - Local Conditions","170","Met One BAM-1020 Mass Monitor w/VSCC","44140","Springfield, MA","25","Massachusetts","013","Hampden","42.1202291946886","-72.5845032277788"
"08/02/2021","AQS","250130018","3","6.7","ug/m3 LC","37","","1","100.0000","88101","PM2.5 - Local Conditions","170","Met One BAM-1020 Mass Monitor w/VSCC","44140","Springfield, MA","25","Massachusetts","013","Hampden","42.1202291946886","-72.5845032277788"
"08/03/2021","AQS","250130018","3","8.2","ug/m3 LC","46","","1","100.0000","88101","PM2.5 - Local Conditions","170","Met One BAM-1020 Mass Monitor w/VSCC","44140","Springfield, MA","25","Massachusetts","013","Hampden","42.1202291946886","-72.5845032277788"
"08/04/2021","AQS","250130018","3","8.3","ug/m3 LC","46","","1","100.0000","88101","PM2.5 - Local Conditions","170","Met One BAM-1020 Mass Monitor w/VSCC","44140","Springfield, MA","25","Massachusetts","013","Hampden","42.1202291946886","-72.5845032277788"
"08/05/2021","AQS","250130018","3","5.3","ug/m3 LC","29","","1","100.0000","88101","PM2.5 - Local Conditions","170","Met One BAM-1020 Mass Monitor w/VSCC","44140","Springfield, MA","25","Massachusetts","013","Hampden","42.1202291946886","-72.5845032277788"
"08/06/2021","AQS","250130018","3","11.5","ug/m3 LC","55","","1","100.0000","88101","PM2.5 - Local Conditions","170","Met One BAM-1020 Mass Monitor w/VSCC","44140","Springfield, MA","25","Massachusetts","013","Hampden","42.1202291946886","-72.5845032277788"
"08/07/2021","AQS","250130018","3","14.3","ug/m3 LC","61","","1","100.0000","88101","PM2.5 - Local Conditions","170","Met One BAM-1020 Mass Monitor w/VSCC","44140","Springfield, MA","25","Massachusetts","013","Hampden","42.1202291946886","-72.5845032277788"
"08/08/2021","AQS","250130018","3","10.3","ug/m3 LC","53","","1","100.0000","88101","PM2.5 - Local Conditions","170","Met One BAM-1020 Mass Monitor w/VSCC","44140","Springfield, MA","25","Massachusetts","013","Hampden","42.1202291946886","-72.5845032277788"
"08/09/2021","AQS","250130018","3","14.1","ug/m3 LC","60","","1","100.0000","88101","PM2.5 - Local Conditions","170","Met One BAM-1020 Mass Monitor w/VSCC","44140","Springfield, MA","25","Massachusetts","013","Hampden","42.1202291946886","-72.5845032277788"
"08/10/2021","AQS","250130018","3","12.7","ug/m3 LC","58","","1","100.0000","88101","PM2.5 - Local Conditions","170","Met One BAM-1020 Mass Monitor w/VSCC","44140","Springfield, MA","25","Massachusetts","013","Hampden","42.1202291946886","-72.5845032277788"
"08/11/2021","AQS","250130018","3","12.9","ug/m3 LC","58","","1","100.0000","88101","PM2.5 - Local Conditions","170","Met One BAM-1020 Mass Monitor w/VSCC","44140","Springfield, MA","25","Massachusetts","013","Hampden","42.1202291946886","-72.5845032277788"
"08/12/2021","AQS","250130018","3","10","ug/m3 LC","53","","1","100.0000","88101","PM2.5 - Local Conditions","170","Met One BAM-1020 Mass Monitor w/VSCC","44140","Springfield, MA","25","Massachusetts","013","Hampden","42.1202291946886","-72.5845032277788"
"08/13/2021","AQS","250130018","3","9.9","ug/m3 LC","52","","1","100.0000","88101","PM2.5 - Local Conditions","170","Met One BAM-1020 Mass Monitor w/VSCC","44140","Springfield, MA","25","Massachusetts","013","Hampden","42.1202291946886","-72.5845032277788"
"08/14/2021","AQS","250130018","3","9","ug/m3 LC","50","","1","100.0000","88101","PM2.5 - Local Conditions","170","Met One BAM-1020 Mass Monitor w/VSCC","44140","Springfield, MA","25","Massachusetts","013","Hampden","42.1202291946886","-72.5845032277788"
"08/15/2021","AQS","250130018","3","7.2","ug/m3 LC","40","","1","100.0000","88101","PM2.5 - Local Conditions","170","Met One BAM-1020 Mass Monitor w/VSCC","44140","Springfield, MA","25","Massachusetts","013","Hampden","42.1202291946886","-72.5845032277788"
"08/16/2021","AQS","250130018","3","7.5","ug/m3 LC","42","","1","100.0000","88101","PM2.5 - Local Conditions","170","Met One BAM-1020 Mass Monitor w/VSCC","44140","Springfield, MA","25","Massachusetts","013","Hampden","42.1202291946886","-72.5845032277788"
"08/17/2021","AQS","250130018","3","8.4","ug/m3 LC","47","","1","100.0000","88101","PM2.5 - Local Conditions","170","Met One BAM-1020 Mass Monitor w/VSCC","44140","Springfield, MA","25","Massachusetts","013","Hampden","42.1202291946886","-72.5845032277788"
"08/18/2021","AQS","250130018","3","6.7","ug/m3 LC","37","","1","100.0000","88101","PM2.5 - Local Conditions","170","Met One BAM-1020 Mass Monitor w/VSCC","44140","Springfield, MA","25","Massachusetts","013","Hampden","42.1202291946886","-72.5845032277788"
"08/19/2021","AQS","250130018","3","4.5","ug/m3 LC","25","","1","100.0000","88101","PM2.5 - Local Conditions","170","Met One BAM-1020 Mass Monitor w/VSCC","44140","Springfield, MA","25","Massachusetts","013","Hampden","42.1202291946886","-72.5845032277788"
"08/20/2021","AQS","250130018","3","4","ug/m3 LC","22","","1","100.0000","88101","PM2.5 - Local Conditions","170","Met One BAM-1020 Mass Monitor w/VSCC","44140","Springfield, MA","25","Massachusetts","013","Hampden","42.1202291946886","-72.5845032277788"
"08/21/2021","AQS","250130018","3","6.6","ug/m3 LC","37","","1","100.0000","88101","PM2.5 - Local Conditions","170","Met One BAM-1020 Mass Monitor w/VSCC","44140","Springfield, MA","25","Massachusetts","013","Hampden","42.1202291946886","-72.5845032277788"
"08/22/2021","AQS","250130018","3","2.7","ug/m3 LC","15","","1","100.0000","88101","PM2.5 - Local Conditions","170","Met One BAM-1020 Mass Monitor w/VSCC","44140","Springfield, MA","25","Massachusetts","013","Hampden","42.1202291946886","-72.5845032277788"
"08/23/2021","AQS","250130018","3","4.4","ug/m3 LC","24","","1","100.0000","88101","PM2.5 - Local Conditions","170","Met One BAM-1020 Mass Monitor w/VSCC","44140","Springfield, MA","25","Massachusetts","013","Hampden","42.1202291946886","-72.5845032277788"
"08/24/2021","AQS","250130018","3","5.9","ug/m3 LC","33","","1","100.0000","88101","PM2.5 - Local Conditions","170","Met One BAM-1020 Mass Monitor w/VSCC","44140","Springfield, MA","25","Massachusetts","013","Hampden","42.1202291946886","-72.5845032277788"
"08/25/2021","AQS","250130018","3","17.1","ug/m3 LC","66","","1","100.0000","88101","PM2.5 - Local Conditions","170","Met One BAM-1020 Mass Monitor w/VSCC","44140","Springfield, MA","25","Massachusetts","013","Hampden","42.1202291946886","-72.5845032277788"
"08/26/2021","AQS","250130018","3","17.8","ug/m3 LC","67","","1","100.0000","88101","PM2.5 - Local Conditions","170","Met One BAM-1020 Mass Monitor w/VSCC","44140","Springfield, MA","25","Massachusetts","013","Hampden","42.1202291946886","-72.5845032277788"
"08/27/2021","AQS","250130018","3","16.4","ug/m3 LC","65","","1","100.0000","88101","PM2.5 - Local Conditions","170","Met One BAM-1020 Mass Monitor w/VSCC","44140","Springfield, MA","25","Massachusetts","013","Hampden","42.1202291946886","-72.5845032277788"
"08/28/2021","AQS","250130018","3","5.4","ug/m3 LC","30","","1","100.0000","88101","PM2.5 - Local Conditions","170","Met One BAM-1020 Mass Monitor w/VSCC","44140","Springfield, MA","25","Massachusetts","013","Hampden","42.1202291946886","-72.5845032277788"
"08/29/2021","AQS","250130018","3","5.6","ug/m3 LC","31","","1","100.0000","88101","PM2.5 - Local Conditions","170","Met One BAM-1020 Mass Monitor w/VSCC","44140","Springfield, MA","25","Massachusetts","013","Hampden","42.1202291946886","-72.5845032277788"
"08/30/2021","AQS","250130018","3","7.5","ug/m3 LC","42","","1","100.0000","88101","PM2.5 - Local Conditions","170","Met One BAM-1020 Mass Monitor w/VSCC","44140","Springfield, MA","25","Massachusetts","013","Hampden","42.1202291946886","-72.5845032277788"
"08/31/2021","AQS","250130018","3","6.5","ug/m3 LC","36","","1","100.0000","88101","PM2.5 - Local Conditions","170","Met One BAM-1020 Mass Monitor w/VSCC","44140","Springfield, MA","25","Massachusetts","013","Hampden","42.1202291946886","-72.5845032277788"
"09/01/2021","AQS","250130018","3","8.1","ug/m3 LC","45","","1","100.0000","88101","PM2.5 - Local Conditions","170","Met One BAM-1020 Mass Monitor w/VSCC","44140","Springfield, MA","25","Massachusetts","013","Hampden","42.1202291946886","-72.5845032277788"
"09/02/2021","AQS","250130018","3","5.3","ug/m3 LC","29","","1","100.0000","88101","PM2.5 - Local Conditions","170","Met One BAM-1020 Mass Monitor w/VSCC","44140","Springfield, MA","25","Massachusetts","013","Hampden","42.1202291946886","-72.5845032277788"
"09/03/2021","AQS","250130018","3","5.7","ug/m3 LC","32","","1","100.0000","88101","PM2.5 - Local Conditions","170","Met One BAM-1020 Mass Monitor w/VSCC","44140","Springfield, MA","25","Massachusetts","013","Hampden","42.1202291946886","-72.5845032277788"
"09/04/2021","AQS","250130018","3","5.5","ug/m3 LC","31","","1","100.0000","88101","PM2.5 - Local Conditions","170","Met One BAM-1020 Mass Monitor w/VSCC","44140","Springfield, MA","25","Massachusetts","013","Hampden","42.1202291946886","-72.5845032277788"
"09/05/2021","AQS","250130018","3","9.6","ug/m3 LC","52","","1","100.0000","88101","PM2.5 - Local Conditions","170","Met One BAM-1020 Mass Monitor w/VSCC","44140","Springfield, MA","25","Massachusetts","013","Hampden","42.1202291946886","-72.5845032277788"
"09/06/2021","AQS","250130018","3","7.6","ug/m3 LC","42","","1","100.0000","88101","PM2.5 - Local Conditions","170","Met One BAM-1020 Mass Monitor w/VSCC","44140","Springfield, MA","25","Massachusetts","013","Hampden","42.1202291946886","-72.5845032277788"
"09/07/2021","AQS","250130018","3","7","ug/m3 LC","39","","1","100.0000","88101","PM2.5 - Local Conditions","170","Met One BAM-1020 Mass Monitor w/VSCC","44140","Springfield, MA","25","Massachusetts","013","Hampden","42.1202291946886","-72.5845032277788"
"09/08/2021","AQS","250130018","3","8.2","ug/m3 LC","46","","1","100.0000","88101","PM2.5 - Local Conditions","170","Met One BAM-1020 Mass Monitor w/VSCC","44140","Springfield, MA","25","Massachusetts","013","Hampden","42.1202291946886","-72.5845032277788"
"09/09/2021","AQS","250130018","3","7.3","ug/m3 LC","41","","1","100.0000","88101","PM2.5 - Local Conditions","170","Met One BAM-1020 Mass Monitor w/VSCC","44140","Springfield, MA","25","Massachusetts","013","Hampden","42.1202291946886","-72.5845032277788"
"09/10/2021","AQS","250130018","3","4.5","ug/m3 LC","25","","1","100.0000","88101","PM2.5 - Local Conditions","170","Met One BAM-1020 Mass Monitor w/VSCC","44140","Springfield, MA","25","Massachusetts","013","Hampden","42.1202291946886","-72.5845032277788"
"09/11/2021","AQS","250130018","3","6.8","ug/m3 LC","38","","1","100.0000","88101","PM2.5 - Local Conditions","170","Met One BAM-1020 Mass Monitor w/VSCC","44140","Springfield, MA","25","Massachusetts","013","Hampden","42.1202291946886","-72.5845032277788"
"09/12/2021","AQS","250130018","3","8.4","ug/m3 LC","47","","1","100.0000","88101","PM2.5 - Local Conditions","170","Met One BAM-1020 Mass Monitor w/VSCC","44140","Springfield, MA","25","Massachusetts","013","Hampden","42.1202291946886","-72.5845032277788"
"09/13/2021","AQS","250130018","3","6.9","ug/m3 LC","38","","1","100.0000","88101","PM2.5 - Local Conditions","170","Met One BAM-1020 Mass Monitor w/VSCC","44140","Springfield, MA","25","Massachusetts","013","Hampden","42.1202291946886","-72.5845032277788"
"09/14/2021","AQS","250130018","3","6.1","ug/m3 LC","34","","1","100.0000","88101","PM2.5 - Local Conditions","170","Met One BAM-1020 Mass Monitor w/VSCC","44140","Springfield, MA","25","Massachusetts","013","Hampden","42.1202291946886","-72.5845032277788"
"09/15/2021","AQS","250130018","3","13","ug/m3 LC","58","","1","100.0000","88101","PM2.5 - Local Conditions","170","Met One BAM-1020 Mass Monitor w/VSCC","44140","Springfield, MA","25","Massachusetts","013","Hampden","42.1202291946886","-72.5845032277788"
"09/16/2021","AQS","250130018","3","6.5","ug/m3 LC","36","","1","100.0000","88101","PM2.5 - Local Conditions","170","Met One BAM-1020 Mass Monitor w/VSCC","44140","Springfield, MA","25","Massachusetts","013","Hampden","42.1202291946886","-72.5845032277788"
"09/17/2021","AQS","250130018","3","6.4","ug/m3 LC","36","","1","100.0000","88101","PM2.5 - Local Conditions","170","Met One BAM-1020 Mass Monitor w/VSCC","44140","Springfield, MA","25","Massachusetts","013","Hampden","42.1202291946886","-72.5845032277788"
"09/18/2021","AQS","250130018","3","7.2","ug/m3 LC","40","","1","100.0000","88101","PM2.5 - Local Conditions","170","Met One BAM-1020 Mass Monitor w/VSCC","44140","Springfield, MA","25","Massachusetts","013","Hampden","42.1202291946886","-72.5845032277788"
"09/19/2021","AQS","250130018","3","6","ug/m3 LC","33","","1","100.0000","88101","PM2.5 - Local Conditions","170","Met One BAM-1020 Mass Monitor w/VSCC","44140","Springfield, MA","25","Massachusetts","013","Hampden","42.1202291946886","-72.5845032277788"
"09/20/2021","AQS","250130018","3","6.5","ug/m3 LC","36","","1","100.0000","88101","PM2.5 - Local Conditions","170","Met One BAM-1020 Mass Monitor w/VSCC","44140","Springfield, MA","25","Massachusetts","013","Hampden","42.1202291946886","-72.5845032277788"
"09/21/2021","AQS","250130018","3","5.5","ug/m3 LC","31","","1","100.0000","88101","PM2.5 - Local Conditions","170","Met One BAM-1020 Mass Monitor w/VSCC","44140","Springfield, MA","25","Massachusetts","013","Hampden","42.1202291946886","-72.5845032277788"
"09/22/2021","AQS","250130018","3","3.8","ug/m3 LC","21","","1","100.0000","88101","PM2.5 - Local Conditions","170","Met One BAM-1020 Mass Monitor w/VSCC","44140","Springfield, MA","25","Massachusetts","013","Hampden","42.1202291946886","-72.5845032277788"
"09/23/2021","AQS","250130018","3","2.6","ug/m3 LC","14","","1","100.0000","88101","PM2.5 - Local Conditions","170","Met One BAM-1020 Mass Monitor w/VSCC","44140","Springfield, MA","25","Massachusetts","013","Hampden","42.1202291946886","-72.5845032277788"
"09/24/2021","AQS","250130018","3","3.9","ug/m3 LC","22","","1","100.0000","88101","PM2.5 - Local Conditions","170","Met One BAM-1020 Mass Monitor w/VSCC","44140","Springfield, MA","25","Massachusetts","013","Hampden","42.1202291946886","-72.5845032277788"
"09/25/2021","AQS","250130018","3","8.4","ug/m3 LC","47","","1","100.0000","88101","PM2.5 - Local Conditions","170","Met One BAM-1020 Mass Monitor w/VSCC","44140","Springfield, MA","25","Massachusetts","013","Hampden","42.1202291946886","-72.5845032277788"
"09/26/2021","AQS","250130018","3","6.6","ug/m3 LC","37","","1","100.0000","88101","PM2.5 - Local Conditions","170","Met One BAM-1020 Mass Monitor w/VSCC","44140","Springfield, MA","25","Massachusetts","013","Hampden","42.1202291946886","-72.5845032277788"
"09/27/2021","AQS","250130018","3","8.3","ug/m3 LC","46","","1","100.0000","88101","PM2.5 - Local Conditions","170","Met One BAM-1020 Mass Monitor w/VSCC","44140","Springfield, MA","25","Massachusetts","013","Hampden","42.1202291946886","-72.5845032277788"
"09/28/2021","AQS","250130018","3","8.7","ug/m3 LC","48","","1","100.0000","88101","PM2.5 - Local Conditions","170","Met One BAM-1020 Mass Monitor w/VSCC","44140","Springfield, MA","25","Massachusetts","013","Hampden","42.1202291946886","-72.5845032277788"
"09/29/2021","AQS","250130018","3","5","ug/m3 LC","28","","1","100.0000","88101","PM2.5 - Local Conditions","170","Met One BAM-1020 Mass Monitor w/VSCC","44140","Springfield, MA","25","Massachusetts","013","Hampden","42.1202291946886","-72.5845032277788"
"09/30/2021","AQS","250130018","3","4.8","ug/m3 LC","27","","1","100.0000","88101","PM2.5 - Local Conditions","170","Met One BAM-1020 Mass Monitor w/VSCC","44140","Springfield, MA","25","Massachusetts","013","Hampden","42.1202291946886","-72.5845032277788"
"10/01/2021","AQS","250130018","3","7.1","ug/m3 LC","39","","1","100.0000","88101","PM2.5 - Local Conditions","170","Met One BAM-1020 Mass Monitor w/VSCC","44140","Springfield, MA","25","Massachusetts","013","Hampden","42.1202291946886","-72.5845032277788"
"10/02/2021","AQS","250130018","3","8.7","ug/m3 LC","48","","1","100.0000","88101","PM2.5 - Local Conditions","170","Met One BAM-1020 Mass Monitor w/VSCC","44140","Springfield, MA","25","Massachusetts","013","Hampden","42.1202291946886","-72.5845032277788"
"10/03/2021","AQS","250130018","3","10.2","ug/m3 LC","53","","1","100.0000","88101","PM2.5 - Local Conditions","170","Met One BAM-1020 Mass Monitor w/VSCC","44140","Springfield, MA","25","Massachusetts","013","Hampden","42.1202291946886","-72.5845032277788"
"10/04/2021","AQS","250130018","3","2.7","ug/m3 LC","15","","1","100.0000","88101","PM2.5 - Local Conditions","170","Met One BAM-1020 Mass Monitor w/VSCC","44140","Springfield, MA","25","Massachusetts","013","Hampden","42.1202291946886","-72.5845032277788"
"10/05/2021","AQS","250130018","3","4.5","ug/m3 LC","25","","1","100.0000","88101","PM2.5 - Local Conditions","170","Met One BAM-1020 Mass Monitor w/VSCC","44140","Springfield, MA","25","Massachusetts","013","Hampden","42.1202291946886","-72.5845032277788"
"10/06/2021","AQS","250130018","3","6.3","ug/m3 LC","35","","1","100.0000","88101","PM2.5 - Local Conditions","170","Met One BAM-1020 Mass Monitor w/VSCC","44140","Springfield, MA","25","Massachusetts","013","Hampden","42.1202291946886","-72.5845032277788"
"10/07/2021","AQS","250130018","3","6.1","ug/m3 LC","34","","1","100.0000","88101","PM2.5 - Local Conditions","170","Met One BAM-1020 Mass Monitor w/VSCC","44140","Springfield, MA","25","Massachusetts","013","Hampden","42.1202291946886","-72.5845032277788"
"10/08/2021","AQS","250130018","3","7.6","ug/m3 LC","42","","1","100.0000","88101","PM2.5 - Local Conditions","170","Met One BAM-1020 Mass Monitor w/VSCC","44140","Springfield, MA","25","Massachusetts","013","Hampden","42.1202291946886","-72.5845032277788"
"10/09/2021","AQS","250130018","3","7.5","ug/m3 LC","42","","1","100.0000","88101","PM2.5 - Local Conditions","170","Met One BAM-1020 Mass Monitor w/VSCC","44140","Springfield, MA","25","Massachusetts","013","Hampden","42.1202291946886","-72.5845032277788"
"10/10/2021","AQS","250130018","3","6.5","ug/m3 LC","36","","1","100.0000","88101","PM2.5 - Local Conditions","170","Met One BAM-1020 Mass Monitor w/VSCC","44140","Springfield, MA","25","Massachusetts","013","Hampden","42.1202291946886","-72.5845032277788"
"10/11/2021","AQS","250130018","3","6.4","ug/m3 LC","36","","1","100.0000","88101","PM2.5 - Local Conditions","170","Met One BAM-1020 Mass Monitor w/VSCC","44140","Springfield, MA","25","Massachusetts","013","Hampden","42.1202291946886","-72.5845032277788"
"10/12/2021","AQS","250130018","3","7.8","ug/m3 LC","43","","1","100.0000","88101","PM2.5 - Local Conditions","170","Met One BAM-1020 Mass Monitor w/VSCC","44140","Springfield, MA","25","Massachusetts","013","Hampden","42.1202291946886","-72.5845032277788"
"10/13/2021","AQS","250130018","3","8.3","ug/m3 LC","46","","1","100.0000","88101","PM2.5 - Local Conditions","170","Met One BAM-1020 Mass Monitor w/VSCC","44140","Springfield, MA","25","Massachusetts","013","Hampden","42.1202291946886","-72.5845032277788"
"10/14/2021","AQS","250130018","3","8.1","ug/m3 LC","45","","1","100.0000","88101","PM2.5 - Local Conditions","170","Met One BAM-1020 Mass Monitor w/VSCC","44140","Springfield, MA","25","Massachusetts","013","Hampden","42.1202291946886","-72.5845032277788"
"10/15/2021","AQS","250130018","3","8.4","ug/m3 LC","47","","1","100.0000","88101","PM2.5 - Local Conditions","170","Met One BAM-1020 Mass Monitor w/VSCC","44140","Springfield, MA","25","Massachusetts","013","Hampden","42.1202291946886","-72.5845032277788"
"10/16/2021","AQS","250130018","3","5.9","ug/m3 LC","33","","1","100.0000","88101","PM2.5 - Local Conditions","170","Met One BAM-1020 Mass Monitor w/VSCC","44140","Springfield, MA","25","Massachusetts","013","Hampden","42.1202291946886","-72.5845032277788"
"10/17/2021","AQS","250130018","3","3.2","ug/m3 LC","18","","1","100.0000","88101","PM2.5 - Local Conditions","170","Met One BAM-1020 Mass Monitor w/VSCC","44140","Springfield, MA","25","Massachusetts","013","Hampden","42.1202291946886","-72.5845032277788"
"10/18/2021","AQS","250130018","3","3.9","ug/m3 LC","22","","1","100.0000","88101","PM2.5 - Local Conditions","170","Met One BAM-1020 Mass Monitor w/VSCC","44140","Springfield, MA","25","Massachusetts","013","Hampden","42.1202291946886","-72.5845032277788"
"10/19/2021","AQS","250130018","3","4.9","ug/m3 LC","27","","1","100.0000","88101","PM2.5 - Local Conditions","170","Met One BAM-1020 Mass Monitor w/VSCC","44140","Springfield, MA","25","Massachusetts","013","Hampden","42.1202291946886","-72.5845032277788"
"10/20/2021","AQS","250130018","3","8.6","ug/m3 LC","48","","1","100.0000","88101","PM2.5 - Local Conditions","170","Met One BAM-1020 Mass Monitor w/VSCC","44140","Springfield, MA","25","Massachusetts","013","Hampden","42.1202291946886","-72.5845032277788"
"10/21/2021","AQS","250130018","3","11.6","ug/m3 LC","56","","1","100.0000","88101","PM2.5 - Local Conditions","170","Met One BAM-1020 Mass Monitor w/VSCC","44140","Springfield, MA","25","Massachusetts","013","Hampden","42.1202291946886","-72.5845032277788"
"10/22/2021","AQS","250130018","3","8.9","ug/m3 LC","49","","1","100.0000","88101","PM2.5 - Local Conditions","170","Met One BAM-1020 Mass Monitor w/VSCC","44140","Springfield, MA","25","Massachusetts","013","Hampden","42.1202291946886","-72.5845032277788"
"10/23/2021","AQS","250130018","3","4.7","ug/m3 LC","26","","1","100.0000","88101","PM2.5 - Local Conditions","170","Met One BAM-1020 Mass Monitor w/VSCC","44140","Springfield, MA","25","Massachusetts","013","Hampden","42.1202291946886","-72.5845032277788"
"10/24/2021","AQS","250130018","3","7.5","ug/m3 LC","42","","1","100.0000","88101","PM2.5 - Local Conditions","170","Met One BAM-1020 Mass Monitor w/VSCC","44140","Springfield, MA","25","Massachusetts","013","Hampden","42.1202291946886","-72.5845032277788"
"10/25/2021","AQS","250130018","3","6.3","ug/m3 LC","35","","1","100.0000","88101","PM2.5 - Local Conditions","170","Met One BAM-1020 Mass Monitor w/VSCC","44140","Springfield, MA","25","Massachusetts","013","Hampden","42.1202291946886","-72.5845032277788"
"10/26/2021","AQS","250130018","3","3.2","ug/m3 LC","18","","1","100.0000","88101","PM2.5 - Local Conditions","170","Met One BAM-1020 Mass Monitor w/VSCC","44140","Springfield, MA","25","Massachusetts","013","Hampden","42.1202291946886","-72.5845032277788"
"10/27/2021","AQS","250130018","3","6.7","ug/m3 LC","37","","1","100.0000","88101","PM2.5 - Local Conditions","170","Met One BAM-1020 Mass Monitor w/VSCC","44140","Springfield, MA","25","Massachusetts","013","Hampden","42.1202291946886","-72.5845032277788"
"10/28/2021","AQS","250130018","3","6.9","ug/m3 LC","38","","1","100.0000","88101","PM2.5 - Local Conditions","170","Met One BAM-1020 Mass Monitor w/VSCC","44140","Springfield, MA","25","Massachusetts","013","Hampden","42.1202291946886","-72.5845032277788"
"10/29/2021","AQS","250130018","3","6.6","ug/m3 LC","37","","1","100.0000","88101","PM2.5 - Local Conditions","170","Met One BAM-1020 Mass Monitor w/VSCC","44140","Springfield, MA","25","Massachusetts","013","Hampden","42.1202291946886","-72.5845032277788"
"10/30/2021","AQS","250130018","3","4.5","ug/m3 LC","25","","1","100.0000","88101","PM2.5 - Local Conditions","170","Met One BAM-1020 Mass Monitor w/VSCC","44140","Springfield, MA","25","Massachusetts","013","Hampden","42.1202291946886","-72.5845032277788"
"10/31/2021","AQS","250130018","3","4","ug/m3 LC","22","","1","100.0000","88101","PM2.5 - Local Conditions","170","Met One BAM-1020 Mass Monitor w/VSCC","44140","Springfield, MA","25","Massachusetts","013","Hampden","42.1202291946886","-72.5845032277788"
"11/01/2021","AQS","250130018","3","5.6","ug/m3 LC","31","","1","100.0000","88101","PM2.5 - Local Conditions","170","Met One BAM-1020 Mass Monitor w/VSCC","44140","Springfield, MA","25","Massachusetts","013","Hampden","42.1202291946886","-72.5845032277788"
"11/02/2021","AQS","250130018","3","8","ug/m3 LC","44","","1","100.0000","88101","PM2.5 - Local Conditions","170","Met One BAM-1020 Mass Monitor w/VSCC","44140","Springfield, MA","25","Massachusetts","013","Hampden","42.1202291946886","-72.5845032277788"
"11/03/2021","AQS","250130018","3","5.6","ug/m3 LC","31","","1","100.0000","88101","PM2.5 - Local Conditions","170","Met One BAM-1020 Mass Monitor w/VSCC","44140","Springfield, MA","25","Massachusetts","013","Hampden","42.1202291946886","-72.5845032277788"
"11/04/2021","AQS","250130018","3","13","ug/m3 LC","58","","1","100.0000","88101","PM2.5 - Local Conditions","170","Met One BAM-1020 Mass Monitor w/VSCC","44140","Springfield, MA","25","Massachusetts","013","Hampden","42.1202291946886","-72.5845032277788"
"11/05/2021","AQS","250130018","3","9","ug/m3 LC","50","","1","100.0000","88101","PM2.5 - Local Conditions","170","Met One BAM-1020 Mass Monitor w/VSCC","44140","Springfield, MA","25","Massachusetts","013","Hampden","42.1202291946886","-72.5845032277788"
"11/06/2021","AQS","250130018","3","16.9","ug/m3 LC","66","","1","100.0000","88101","PM2.5 - Local Conditions","170","Met One BAM-1020 Mass Monitor w/VSCC","44140","Springfield, MA","25","Massachusetts","013","Hampden","42.1202291946886","-72.5845032277788"
"11/07/2021","AQS","250130018","3","21.8","ug/m3 LC","75","","1","100.0000","88101","PM2.5 - Local Conditions","170","Met One BAM-1020 Mass Monitor w/VSCC","44140","Springfield, MA","25","Massachusetts","013","Hampden","42.1202291946886","-72.5845032277788"
"11/08/2021","AQS","250130018","3","15.7","ug/m3 LC","63","","1","100.0000","88101","PM2.5 - Local Conditions","170","Met One BAM-1020 Mass Monitor w/VSCC","44140","Springfield, MA","25","Massachusetts","013","Hampden","42.1202291946886","-72.5845032277788"
"11/09/2021","AQS","250130018","3","19.3","ug/m3 LC","70","","1","100.0000","88101","PM2.5 - Local Conditions","170","Met One BAM-1020 Mass Monitor w/VSCC","44140","Springfield, MA","25","Massachusetts","013","Hampden","42.1202291946886","-72.5845032277788"
"11/10/2021","AQS","250130018","3","11.1","ug/m3 LC","55","","1","100.0000","88101","PM2.5 - Local Conditions","170","Met One BAM-1020 Mass Monitor w/VSCC","44140","Springfield, MA","25","Massachusetts","013","Hampden","42.1202291946886","-72.5845032277788"
"11/11/2021","AQS","250130018","3","10.5","ug/m3 LC","54","","1","100.0000","88101","PM2.5 - Local Conditions","170","Met One BAM-1020 Mass Monitor w/VSCC","44140","Springfield, MA","25","Massachusetts","013","Hampden","42.1202291946886","-72.5845032277788"
"11/12/2021","AQS","250130018","3","6.3","ug/m3 LC","35","","1","100.0000","88101","PM2.5 - Local Conditions","170","Met One BAM-1020 Mass Monitor w/VSCC","44140","Springfield, MA","25","Massachusetts","013","Hampden","42.1202291946886","-72.5845032277788"
"11/13/2021","AQS","250130018","3","9.2","ug/m3 LC","51","","1","100.0000","88101","PM2.5 - Local Conditions","170","Met One BAM-1020 Mass Monitor w/VSCC","44140","Springfield, MA","25","Massachusetts","013","Hampden","42.1202291946886","-72.5845032277788"
"11/14/2021","AQS","250130018","3","5.7","ug/m3 LC","32","","1","100.0000","88101","PM2.5 - Local Conditions","170","Met One BAM-1020 Mass Monitor w/VSCC","44140","Springfield, MA","25","Massachusetts","013","Hampden","42.1202291946886","-72.5845032277788"
"11/15/2021","AQS","250130018","3","6.5","ug/m3 LC","36","","1","100.0000","88101","PM2.5 - Local Conditions","170","Met One BAM-1020 Mass Monitor w/VSCC","44140","Springfield, MA","25","Massachusetts","013","Hampden","42.1202291946886","-72.5845032277788"
"11/16/2021","AQS","250130018","3","4.3","ug/m3 LC","24","","1","100.0000","88101","PM2.5 - Local Conditions","170","Met One BAM-1020 Mass Monitor w/VSCC","44140","Springfield, MA","25","Massachusetts","013","Hampden","42.1202291946886","-72.5845032277788"
"11/17/2021","AQS","250130018","3","10.6","ug/m3 LC","54","","1","100.0000","88101","PM2.5 - Local Conditions","170","Met One BAM-1020 Mass Monitor w/VSCC","44140","Springfield, MA","25","Massachusetts","013","Hampden","42.1202291946886","-72.5845032277788"
"11/18/2021","AQS","250130018","3","13.7","ug/m3 LC","60","","1","100.0000","88101","PM2.5 - Local Conditions","170","Met One BAM-1020 Mass Monitor w/VSCC","44140","Springfield, MA","25","Massachusetts","013","Hampden","42.1202291946886","-72.5845032277788"
"11/19/2021","AQS","250130018","3","5.5","ug/m3 LC","31","","1","100.0000","88101","PM2.5 - Local Conditions","170","Met One BAM-1020 Mass Monitor w/VSCC","44140","Springfield, MA","25","Massachusetts","013","Hampden","42.1202291946886","-72.5845032277788"
"11/20/2021","AQS","250130018","3","6.6","ug/m3 LC","37","","1","100.0000","88101","PM2.5 - Local Conditions","170","Met One BAM-1020 Mass Monitor w/VSCC","44140","Springfield, MA","25","Massachusetts","013","Hampden","42.1202291946886","-72.5845032277788"
"11/21/2021","AQS","250130018","3","10.7","ug/m3 LC","54","","1","100.0000","88101","PM2.5 - Local Conditions","170","Met One BAM-1020 Mass Monitor w/VSCC","44140","Springfield, MA","25","Massachusetts","013","Hampden","42.1202291946886","-72.5845032277788"
"11/22/2021","AQS","250130018","3","6.7","ug/m3 LC","37","","1","100.0000","88101","PM2.5 - Local Conditions","170","Met One BAM-1020 Mass Monitor w/VSCC","44140","Springfield, MA","25","Massachusetts","013","Hampden","42.1202291946886","-72.5845032277788"
"11/23/2021","AQS","250130018","3","4.3","ug/m3 LC","24","","1","100.0000","88101","PM2.5 - Local Conditions","170","Met One BAM-1020 Mass Monitor w/VSCC","44140","Springfield, MA","25","Massachusetts","013","Hampden","42.1202291946886","-72.5845032277788"
"11/24/2021","AQS","250130018","3","6.5","ug/m3 LC","36","","1","100.0000","88101","PM2.5 - Local Conditions","170","Met One BAM-1020 Mass Monitor w/VSCC","44140","Springfield, MA","25","Massachusetts","013","Hampden","42.1202291946886","-72.5845032277788"
"11/25/2021","AQS","250130018","3","18.6","ug/m3 LC","69","","1","100.0000","88101","PM2.5 - Local Conditions","170","Met One BAM-1020 Mass Monitor w/VSCC","44140","Springfield, MA","25","Massachusetts","013","Hampden","42.1202291946886","-72.5845032277788"
"11/26/2021","AQS","250130018","3","14.7","ug/m3 LC","61","","1","100.0000","88101","PM2.5 - Local Conditions","170","Met One BAM-1020 Mass Monitor w/VSCC","44140","Springfield, MA","25","Massachusetts","013","Hampden","42.1202291946886","-72.5845032277788"
"11/27/2021","AQS","250130018","3","6","ug/m3 LC","33","","1","100.0000","88101","PM2.5 - Local Conditions","170","Met One BAM-1020 Mass Monitor w/VSCC","44140","Springfield, MA","25","Massachusetts","013","Hampden","42.1202291946886","-72.5845032277788"
"11/28/2021","AQS","250130018","3","9.8","ug/m3 LC","52","","1","100.0000","88101","PM2.5 - Local Conditions","170","Met One BAM-1020 Mass Monitor w/VSCC","44140","Springfield, MA","25","Massachusetts","013","Hampden","42.1202291946886","-72.5845032277788"
"11/29/2021","AQS","250130018","3","13.7","ug/m3 LC","60","","1","100.0000","88101","PM2.5 - Local Conditions","170","Met One BAM-1020 Mass Monitor w/VSCC","44140","Springfield, MA","25","Massachusetts","013","Hampden","42.1202291946886","-72.5845032277788"
"11/30/2021","AQS","250130018","3","9.6","ug/m3 LC","52","","1","100.0000","88101","PM2.5 - Local Conditions","170","Met One BAM-1020 Mass Monitor w/VSCC","44140","Springfield, MA","25","Massachusetts","013","Hampden","42.1202291946886","-72.5845032277788"
"12/01/2021","AQS","250130018","3","13.1","ug/m3 LC","58","","1","100.0000","88101","PM2.5 - Local Conditions","170","Met One BAM-1020 Mass Monitor w/VSCC","44140","Springfield, MA","25","Massachusetts","013","Hampden","42.1202291946886","-72.5845032277788"
"12/02/2021","AQS","250130018","3","15.2","ug/m3 LC","62","","1","100.0000","88101","PM2.5 - Local Conditions","170","Met One BAM-1020 Mass Monitor w/VSCC","44140","Springfield, MA","25","Massachusetts","013","Hampden","42.1202291946886","-72.5845032277788"
